step,sample_path
0,data\raw\3029C003AA\2EQ16801\step_0.jpg
1,data\raw\3029C003AA\2EQ16260\step_1.jpg
2,data\raw\3029C003AA\2EQ16171\step_2.jpg
3,data\raw\3029C003AA\2EQ16906\step_3.jpg
4,data\raw\3029C003AA\2EQ16427\step_4.jpg
5,data\raw\3029C003AA\2EQ16396\step_5.jpg
6,data\raw\3029C003AA\2EQ16374\step_6.jpg
7,data\raw\3029C003AA\2EQ16288\step_7.jpg
8,data\raw\3029C003AA\2EQ16901\step_8.jpg
9,data\raw\3029C003AA\2EQ16250\step_9.jpg
10,data\raw\3029C003AA\2EQ16839\step_10.jpg
11,data\raw\3029C003AA\2EQ16905\step_11.jpg
12,data\raw\3029C003AA\2EQ17063\step_12.jpg
13,data\raw\3029C003AA\2EQ16705\step_13.jpg
14,data\raw\3029C003AA\2EQ16235\step_14.jpg
