checkpoint,part_guarantee,guarantee_item,photo_step_visual,confidence,evidence
1,C551 토너 지역 라벨(유럽),정규 부품 부착,step_1,높음,"참고 사진 = C-EXV 라벨, step_1 사진에 C-EXV 스티커"
2,B793 좌전카바 각인,각인 상태 확인,step_2,중간,step_2 'Canon' 각인 글자 (좌전카바 각인과 같은 부위로 추정)
3,6416 제품 명칭 라벨 2206N,정규 부품 부착,step_3,높음,"참고 사진 2206N, step_3 사진 2206N 명판"
3,6323 우전카바 인쇄,인쇄 상태 확인,(확인 못함),낮음,참고 사진 없음
4,3102 현상 가압 조작 라벨,부착,step_4,중간,"참고 사진 = 파란 레버+화살표, step_4 = 파란 레버"
4,3699 현상 가압 레버 피스,조립,step_4,중간,"참고 사진 = 레버 부품, step_4 레버"
5,1525 용지 적재 제한 라벨,부착,step_5 / step_7,중간,"참고 사진 = 파란 트레이+▲▲▲, step_5·7에 같은 라벨"
6,2917 위치 결정 코마,조립,step_6,중간,"참고 사진 = 파란 부품 아래 흰 코마, step_6 같은 모양"
7,1525 용지 적재 제한 라벨,부착,step_5 / step_7,중간,위와 같음
8,0000 모듈러 카바,조립,step_8,중간,"참고 사진 = 사각 패널+작은 슬롯, step_8 같은 모양"
9,3780 전원 스위치,OFF 상태,step_9,높음,"참고 사진 = 전원 스위치, step_9 = 전원 스위치"
10,V242 카바 라이트 단조_STD,조립,(확인 못함),낮음,참고 사진 없음
11,3779 압판 스토퍼,조립,(확인 못함),낮음,참고 사진 없음
12,3779 압판 스토퍼,조립,step_12?,낮음,참고 사진 = 노치 가장자리 (step_12 패널 모서리와 비교 필요)
14,3779 압판 스토퍼,조립,step_14,중간,"참고 사진 = 노치(둥근 탭+브라켓), step_14 노치 이음새와 같은 모양"
