part,count,mean,std,min,5%,25%,50%,max
0000_모듈러카바_8,953.0,0.5084927092694286,0.060112029636963285,0.3530093729496002,0.41760005950927737,0.4661208391189575,0.5030912756919861,0.7088678479194641
1525_▲▲▲라벨_5,953.0,0.924348130056015,0.0056777752429616815,0.8983138799667358,0.9147584080696106,0.9210922122001648,0.9248058795928955,0.9421387314796448
1525_▲▲▲라벨_7,953.0,0.566648417667477,0.028518132105226295,0.5033308267593384,0.5220872521400451,0.5444705486297607,0.5665898323059082,0.6446235179901123
2917_코마_6,953.0,0.8549991841706499,0.012381630075379858,0.8141688704490662,0.833208155632019,0.8461639881134033,0.8560884594917297,0.8834164142608643
3102_현상가압라벨_4,953.0,0.6370378129754962,0.03375623995402408,0.5759194493293762,0.5881844162940979,0.6107761263847351,0.6314350962638855,0.7281707525253296
3699_레버피스_4,953.0,0.626053732564792,0.04234174989564896,0.5151882767677307,0.5548943042755127,0.5919349193572998,0.6308416128158569,0.718076765537262
3779_압판스토퍼_12,953.0,0.5782666916549518,0.03526415091820777,0.4739682376384735,0.5257202029228211,0.5577933192253113,0.578989565372467,0.8290449380874634
3779_압판스토퍼_14,953.0,0.7519332653953296,0.014438030301511888,0.6738905906677246,0.7244394659996033,0.7442544102668762,0.7540017366409302,0.7964025139808655
3780_전원스위치_9,953.0,0.755657630852362,0.004949157945062772,0.7226949334144592,0.7483830332756043,0.7533072829246521,0.7559690475463867,0.7831729054450989
6416_2206N명판_3,953.0,0.45959709586276587,0.03973648710919973,0.3991091847419739,0.4082760393619537,0.4286094605922699,0.4510362446308136,0.570422887802124
B793_Canon각인_2,953.0,0.5227239020286052,0.05014207269755006,0.33640772104263306,0.4279521644115448,0.4919300973415375,0.5353298187255859,0.6180378198623657
C551_토너라벨_1,953.0,0.34658575442630374,0.030330273088534757,0.29032737016677856,0.3069679498672485,0.32337895035743713,0.3405727744102478,0.46472227573394775
V242_카바라이트_10,953.0,0.7791939824975925,0.008750348216623348,0.7195128798484802,0.7646684527397156,0.7756981253623962,0.7795199751853943,0.8079694509506226
V242_카바라이트_11,953.0,0.7704553845546679,0.02005948360124226,0.6792237758636475,0.7327444672584533,0.7602069973945618,0.7740904688835144,0.8125984072685242
