machine,step,visual_code,visual_desc,xlsx_item_at_step_plus_1,best_ref_step_3029C003AA,same_index_as_ref,judgment
3029C003AA,0,BC,바코드명판 2206N EU,토너 지역 라벨 （유럽） (기종별  정규 부품 부착되어 있을 것),0,True,대응 불명
3029C003AA,1,TL,C-EXV 토너라벨,좌전카바 각인 (기종별  각인 상태 확인 할 것),1,True,대응 불명
3029C003AA,2,CN,Canon 인쇄,우전카바 인쇄 (기종별  인쇄 상태확인 할 것) / 제품 명칭 라벨 2206N (기종별  정규 부품 부착되어 있을 것),2,True,대응 가능
3029C003AA,3,MD,2206N 명판,현상 가압 레버 피스 (전기종 조립되어 있을 것) / 현상 가압 조작 라벨 (전기종 부착되어 있을 것),3,True,대응 불명
3029C003AA,4,DR,파란 레버+C-EXV42 드럼라벨,용지 적재 제한 라벨 (전기종 부착되어 있을 것),4,True,대응 불명
3029C003AA,5,BP,파란 부품+▲▲▲,위치 결정 코마 (전기종 조립되어 있을 것),5,True,대응 불명
3029C003AA,6,BP,파란 부품(하단),용지 적재 제한 라벨 (전기종 부착되어 있을 것),6,True,대응 가능
3029C003AA,7,BP,파란 부품+▲▲▲+빗살,모듈러 카바 (전기종 조립되어 있을 것),7,True,대응 불명
3029C003AA,8,PN,사각 패널,전원 스위치 (OFF 상태로 되어 있을 것),8,True,대응 불명
3029C003AA,9,PW,전원 스위치,카바 라이트 단조_STD (STD 기종에 조립되어 있을 것),9,True,대응 불명
3029C003AA,10,PO,USB/LAN 포트+나사,카바 라이트 단조_STD (STD 기종에 조립되어 있을 것),10,True,대응 불명
3029C003AA,11,CV,포트 커버 패널+USB,압판 스토퍼 (압판 기종에 조립되어 있을 것),11,True,대응 불명
3029C003AA,12,NC,패널 모서리+나사,(항목 없음),12,True,문서 근거 없음
3029C003AA,13,CR,캐리지·기판 근처,압판 스토퍼 (압판 기종에 조립되어 있을 것),13,True,대응 불명
3029C003AA,14,NC,패널 노치(이음새)+나사,(항목 없음),14,True,문서 근거 없음
3029C004AA,0,BC,바코드명판 2206iF EU,토너 지역 라벨 （유럽） (기종별  정규 부품 부착되어 있을 것),0,True,대응 불명
3029C004AA,1,TL,C-EXV 토너라벨,좌전카바 각인 (기종별  각인 상태 확인 할 것),1,True,대응 불명
3029C004AA,2,CN,Canon 인쇄,우전카바 인쇄 (기종별  인쇄 상태확인 할 것) / 제품 명칭 라벨 2206iF (기종별  정규 부품 부착되어 있을 것),2,True,대응 가능
3029C004AA,3,MD,2206iF 명판,현상 가압 레버 피스 (전기종 조립되어 있을 것) / 현상 가압 조작 라벨 (전기종 부착되어 있을 것),8,False,대응 불명
3029C004AA,4,DR,파란 레버+C-EXV42 드럼라벨,용지 적재 제한 라벨 (전기종 부착되어 있을 것),4,True,대응 불명
3029C004AA,5,BP,파란 부품+▲▲▲,위치 결정 코마 (전기종 조립되어 있을 것),5,True,대응 불명
3029C004AA,6,BP,파란 부품(하단),용지 적재 제한 라벨 (전기종 부착되어 있을 것),6,True,대응 가능
3029C004AA,7,BP,파란 부품+▲▲▲,모듈러 카바 (전기종 조립되어 있을 것),7,True,대응 불명
3029C004AA,8,PN,사각 패널,전원 스위치 (OFF 상태로 되어 있을 것),8,True,대응 불명
3029C004AA,9,PW,전원 스위치,카바 라이트 단조_STD-FAX (STD-FAX 기종에 조립되어 있을 것),9,True,대응 불명
3029C004AA,10,PO,포트+나사,카바 라이트 단조_STD-FAX (STD-FAX 기종에 조립되어 있을 것),10,True,대응 불명
3029C004AA,11,CV,포트 커버 패널+USB,(항목 없음),11,True,문서 근거 없음
3029C004AA,12,CA,다국어 안내 스티커(손 그림),원고 적재 제한 라벨 (ADF 기종 부착되어 있을 것),0,False,대응 불명
3029C004AA,13,CR,내부 기구·조명,(항목 없음),5,False,문서 근거 없음
3029C004AA,14,DK,어두운 면(구멍/슬롯),(항목 없음),0,False,문서 근거 없음
3029C004AA,15,CA,CAUTION 라벨(손끼임),(항목 없음),8,False,문서 근거 없음
3029C004AA,16,CR,내부 캐리지,(항목 없음),0,False,문서 근거 없음
3029C004AA,17,CA,CAUTION 라벨(손끼임),(항목 없음),0,False,문서 근거 없음
3029C005AA,0,BC,바코드명판 2206N,토너 지역 라벨 （일본／아시아） (기종별  정규 부품 부착되어 있을 것),0,True,대응 불명
3029C005AA,1,TL,NPG 토너라벨,좌전카바 각인 (기종별  각인 상태 확인 할 것),1,True,대응 불명
3029C005AA,2,CN,Canon 인쇄,우전카바 인쇄 (기종별  인쇄 상태확인 할 것) / 제품 명칭 라벨 2206N (기종별  정규 부품 부착되어 있을 것),2,True,대응 가능
3029C005AA,3,MD,2206N 명판,현상 가압 레버 피스 (전기종 조립되어 있을 것) / 현상 가압 조작 라벨 (전기종 부착되어 있을 것),3,True,대응 불명
3029C005AA,4,DR,파란 레버+드럼라벨(NPG계열),용지 적재 제한 라벨 (전기종 부착되어 있을 것),4,True,대응 불명
3029C005AA,5,BP,파란 부품+▲▲▲,위치 결정 코마 (전기종 조립되어 있을 것),5,True,대응 불명
3029C005AA,6,BP,파란 부품(하단),용지 적재 제한 라벨 (전기종 부착되어 있을 것),6,True,대응 가능
3029C005AA,7,BP,파란 부품+▲▲▲,모듈러 카바 (전기종 조립되어 있을 것),7,True,대응 불명
3029C005AA,8,PN,사각 패널,전원 스위치 (OFF 상태로 되어 있을 것),8,True,대응 불명
3029C005AA,9,PW,전원 스위치,카바 라이트 단조_STD (STD 기종에 조립되어 있을 것),9,True,대응 불명
3029C005AA,10,PO,포트+나사,카바 라이트 단조_STD (STD 기종에 조립되어 있을 것),10,True,대응 불명
3029C005AA,11,CV,커버 패널+USB,(항목 없음),11,True,문서 근거 없음
3029C005AA,12,CR,내부 캐리지,(항목 없음),0,False,문서 근거 없음
3029C006AA,0,BC,바코드명판 2206N IND,토너 지역 라벨 （일본／아시아） (기종별  정규 부품 부착되어 있을 것),0,True,대응 불명
3029C006AA,1,TL,NPG 토너라벨,좌전카바 각인 (기종별  각인 상태 확인 할 것),8,False,대응 불명
3029C006AA,2,CN,Canon 인쇄,우전카바 인쇄 (기종별  인쇄 상태확인 할 것) / 제품 명칭 라벨 2206N (기종별  정규 부품 부착되어 있을 것),8,False,대응 가능
3029C006AA,3,MD,2206N 명판,현상 가압 레버 피스 (전기종 조립되어 있을 것) / 현상 가압 조작 라벨 (전기종 부착되어 있을 것),2,False,대응 불명
3029C006AA,4,DR,파란 레버+NPG-59 드럼라벨,용지 적재 제한 라벨 (전기종 부착되어 있을 것),4,True,대응 불명
3029C006AA,5,BP,파란 부품+▲▲▲,위치 결정 코마 (전기종 조립되어 있을 것),6,False,대응 불명
3029C006AA,6,BP,파란 부품(하단),용지 적재 제한 라벨 (전기종 부착되어 있을 것),6,True,대응 가능
3029C006AA,7,BP,파란 부품+▲▲▲,모듈러 카바 (전기종 조립되어 있을 것),0,False,대응 불명
3029C006AA,8,PN,사각 패널,전원 스위치 (OFF 상태로 되어 있을 것),8,True,대응 불명
3029C006AA,9,PW,전원 스위치,카바 라이트 단조_STD (STD 기종에 조립되어 있을 것),9,True,대응 불명
3029C006AA,10,PO,포트+나사,카바 라이트 단조_STD (STD 기종에 조립되어 있을 것),10,True,대응 불명
3029C006AA,11,CV,커버 패널,(항목 없음),11,True,문서 근거 없음
3029C006AA,12,CR,캐리지,(항목 없음),0,False,문서 근거 없음
3029C009AA,0,BC,바코드명판 2206N CN,토너 지역 라벨 （일본／아시아） (기종별  정규 부품 부착되어 있을 것),0,True,대응 불명
3029C009AA,1,TL,NPG 토너라벨,좌전카바 각인 (기종별  각인 상태 확인 할 것),1,True,대응 불명
3029C009AA,2,CN,Canon 인쇄,우전카바 인쇄 (기종별  인쇄 상태확인 할 것) / 제품 명칭 라벨 2206N (기종별  정규 부품 부착되어 있을 것),2,True,대응 가능
3029C009AA,3,MD,2206N 명판,현상 가압 레버 피스 (전기종 조립되어 있을 것) / 현상 가압 조작 라벨 (전기종 부착되어 있을 것),8,False,대응 불명
3029C009AA,4,DR,파란 레버+NPG-59 드럼라벨,용지 적재 제한 라벨 (전기종 부착되어 있을 것),4,True,대응 불명
3029C009AA,5,BP,파란 부품+▲▲▲,위치 결정 코마 (전기종 조립되어 있을 것),5,True,대응 불명
3029C009AA,6,BP,파란 부품(하단),용지 적재 제한 라벨 (전기종 부착되어 있을 것),6,True,대응 가능
3029C009AA,7,BP,파란 부품+▲▲▲,모듈러 카바 (전기종 조립되어 있을 것),7,True,대응 불명
3029C009AA,8,PN,사각 패널,전원 스위치 (OFF 상태로 되어 있을 것),8,True,대응 불명
3029C009AA,9,PW,전원 스위치,카바 라이트 단조_STD (STD 기종에 조립되어 있을 것),9,True,대응 불명
3029C009AA,10,PO,포트+나사,카바 라이트 단조_STD (STD 기종에 조립되어 있을 것),10,True,대응 불명
3029C009AA,11,CV,커버 패널+USB,압판 스토퍼 (압판 기종에 조립되어 있을 것),11,True,대응 불명
3029C009AA,12,NC,패널 노치+나사,(항목 없음),12,True,문서 근거 없음
3029C009AA,13,CR,캐리지,압판 스토퍼 (압판 기종에 조립되어 있을 것),0,False,대응 불명
3029C009AA,14,NC,패널 노치+나사,(항목 없음),14,True,문서 근거 없음
3029C010AA,0,BC,바코드명판 2206i CN,토너 지역 라벨 （일본／아시아） (기종별  정규 부품 부착되어 있을 것),0,True,대응 불명
3029C010AA,1,TL,NPG 토너라벨,좌전카바 각인 (기종별  각인 상태 확인 할 것),8,False,대응 불명
3029C010AA,2,CN,Canon 인쇄,우전카바 인쇄 (기종별  인쇄 상태확인 할 것) / 제품 명칭 라벨 2206i (기종별  정규 부품 부착되어 있을 것),2,True,대응 가능
3029C010AA,3,MD,2206i 명판,현상 가압 레버 피스 (전기종 조립되어 있을 것) / 현상 가압 조작 라벨 (전기종 부착되어 있을 것),1,False,대응 불명
3029C010AA,4,DR,파란 레버+NPG-59 드럼라벨,용지 적재 제한 라벨 (전기종 부착되어 있을 것),4,True,대응 불명
3029C010AA,5,BP,파란 부품+▲▲▲,위치 결정 코마 (전기종 조립되어 있을 것),6,False,대응 불명
3029C010AA,6,BP,파란 부품(하단),용지 적재 제한 라벨 (전기종 부착되어 있을 것),6,True,대응 가능
3029C010AA,7,BP,파란 부품+▲▲▲,사이드 규제 잠금 라벨 (대오더 정보 3029C010AA에 부착되어 있을 것),0,False,대응 불명
3029C010AA,8,ETC,파란 레버 트레이,위치 결정 블록 (대오더 정보 3029C010AA에 조립되어 있을 것) / 적재 한도 라벨 (대오더 정보 3029C010AA에 부착되어 있을 것),12,False,대응 불명
3029C010AA,9,BP,내부 ▲▲▲ 라벨,모듈러 카바 (전기종 조립되어 있을 것),0,False,대응 불명
3029C010AA,10,PN,사각 패널,전원 스위치 (OFF 상태로 되어 있을 것),8,False,대응 불명
3029C010AA,11,PW,전원 스위치,카바 라이트 단조_STD (STD 기종에 조립되어 있을 것),9,False,대응 불명
3029C010AA,12,PO,포트+나사,카바 라이트 단조_STD (STD 기종에 조립되어 있을 것),3,False,대응 불명
3029C010AA,13,CV,USB 포트 패널,(항목 없음),11,False,문서 근거 없음
3029C010AA,14,CA,트레이+손끼임 아이콘,원고 적재 제한 라벨 (ADF 기종 부착되어 있을 것),0,False,대응 불명
3029C010AA,15,DK,어두운 면(▲▲▲ 일부),(항목 없음),5,False,문서 근거 없음
3029C010AA,16,DK,어두운 면+A4/A5 라벨,(항목 없음),6,False,문서 근거 없음
3029C010AA,17,CA,CAUTION 라벨(손끼임),(항목 없음),12,False,문서 근거 없음
3029C010AA,18,CR,캐리지,(항목 없음),9,False,문서 근거 없음
3029C010AA,19,CA,CAUTION 라벨(손끼임),(항목 없음),0,False,문서 근거 없음
3030C001AA,0,BC,바코드명판 3030C001,토너 지역 라벨 （유럽） (기종별  정규 부품 부착되어 있을 것),0,True,대응 불명
3030C001AA,1,TL,C-EXV 토너라벨,좌전카바 각인 (기종별  각인 상태 확인 할 것),1,True,대응 불명
3030C001AA,2,CN,Canon 인쇄,우전카바 인쇄 (기종별  인쇄 상태확인 할 것) / 제품 명칭 라벨 2206 (기종별  정규 부품 부착되어 있을 것),2,True,대응 가능
3030C001AA,3,MD,2206 명판,현상 가압 레버 피스 (전기종 조립되어 있을 것) / 현상 가압 조작 라벨 (전기종 부착되어 있을 것),3,True,대응 불명
3030C001AA,4,DR,파란 레버+드럼(글자 잘림),용지 적재 제한 라벨 (전기종 부착되어 있을 것),4,True,대응 불명
3030C001AA,5,BP,파란 부품+▲▲▲,위치 결정 코마 (전기종 조립되어 있을 것),5,True,대응 불명
3030C001AA,6,BP,파란 부품(하단),용지 적재 제한 라벨 (전기종 부착되어 있을 것),6,True,대응 가능
3030C001AA,7,BP,파란 부품+▲▲▲,모듈러 카바 (전기종 조립되어 있을 것),7,True,대응 불명
3030C001AA,8,PN,사각 패널,전원 스위치 (OFF 상태로 되어 있을 것),8,True,대응 불명
3030C001AA,9,PW,전원 스위치,카바 라이트 단조_ENT (ENT 기종에 조립되어 있을 것),9,True,대응 불명
3030C001AA,10,PO,USB+나사,카바 라이트 단조_ENT (ENT 기종에 조립되어 있을 것),8,False,대응 불명
3030C001AA,11,CV,USB 포트 커버,압판 스토퍼 (압판 기종에 조립되어 있을 것),8,False,대응 불명
3030C001AA,12,NC,패널 노치 이음새,(항목 없음),12,True,문서 근거 없음
3030C001AA,13,CR,캐리지,압판 스토퍼 (압판 기종에 조립되어 있을 것),9,False,대응 불명
3030C001AA,14,NC,패널 노치 이음새,(항목 없음),14,True,문서 근거 없음
3030C002AA,0,BC,바코드명판 2206 230V,토너 지역 라벨 （일본／아시아） (기종별  정규 부품 부착되어 있을 것),0,True,대응 불명
3030C002AA,1,TL,NPG 토너라벨,좌전카바 각인 (기종별  각인 상태 확인 할 것),8,False,대응 불명
3030C002AA,2,CN,Canon 인쇄,우전카바 인쇄 (기종별  인쇄 상태확인 할 것) / 제품 명칭 라벨 2206 (기종별  정규 부품 부착되어 있을 것),2,True,대응 가능
3030C002AA,3,MD,2206 명판,현상 가압 레버 피스 (전기종 조립되어 있을 것) / 현상 가압 조작 라벨 (전기종 부착되어 있을 것),1,False,대응 불명
3030C002AA,4,DR,파란 레버+NPG-59 드럼라벨,용지 적재 제한 라벨 (전기종 부착되어 있을 것),11,False,대응 불명
3030C002AA,5,BP,파란 부품+▲▲▲,위치 결정 코마 (전기종 조립되어 있을 것),5,True,대응 불명
3030C002AA,6,BP,파란 부품(하단),용지 적재 제한 라벨 (전기종 부착되어 있을 것),6,True,대응 가능
3030C002AA,7,BP,파란 부품+▲▲▲,모듈러 카바 (전기종 조립되어 있을 것),6,False,대응 불명
3030C002AA,8,PN,사각 패널,전원 스위치 (OFF 상태로 되어 있을 것),8,True,대응 불명
3030C002AA,9,PW,전원 스위치,카바 라이트 단조_ENT (ENT 기종에 조립되어 있을 것),9,True,대응 불명
3030C002AA,10,PO,USB+나사,카바 라이트 단조_ENT (ENT 기종에 조립되어 있을 것),8,False,대응 불명
3030C002AA,11,CV,USB 포트,압판 스토퍼 (압판 기종에 조립되어 있을 것),1,False,대응 불명
3030C002AA,12,NC,패널 노치 이음새,(항목 없음),12,True,문서 근거 없음
3030C002AA,13,CR,캐리지,압판 스토퍼 (압판 기종에 조립되어 있을 것),0,False,대응 불명
3030C002AA,14,NC,패널 노치 이음새,(항목 없음),0,False,문서 근거 없음
3030C003AA,0,BC,바코드명판 2206 IND,토너 지역 라벨 （일본／아시아） (기종별  정규 부품 부착되어 있을 것),0,True,대응 불명
3030C003AA,1,TL,NPG 토너라벨,좌전카바 각인 (기종별  각인 상태 확인 할 것),8,False,대응 불명
3030C003AA,2,CN,Canon 인쇄,우전카바 인쇄 (기종별  인쇄 상태확인 할 것) / 제품 명칭 라벨 2206 (기종별  정규 부품 부착되어 있을 것),2,True,대응 가능
3030C003AA,3,MD,2206 명판,현상 가압 레버 피스 (전기종 조립되어 있을 것) / 현상 가압 조작 라벨 (전기종 부착되어 있을 것),8,False,대응 불명
3030C003AA,4,DR,파란 레버+NPG-59 드럼라벨,용지 적재 제한 라벨 (전기종 부착되어 있을 것),4,True,대응 불명
3030C003AA,5,BP,파란 부품+▲▲▲,위치 결정 코마 (전기종 조립되어 있을 것),6,False,대응 불명
3030C003AA,6,BP,파란 부품(하단),용지 적재 제한 라벨 (전기종 부착되어 있을 것),6,True,대응 가능
3030C003AA,7,BP,파란 부품+▲▲▲,모듈러 카바 (전기종 조립되어 있을 것),0,False,대응 불명
3030C003AA,8,PN,사각 패널,전원 스위치 (OFF 상태로 되어 있을 것),8,True,대응 불명
3030C003AA,9,PW,전원 스위치,카바 라이트 단조_ENT (ENT 기종에 조립되어 있을 것),9,True,대응 불명
3030C003AA,10,PO,포트+나사,카바 라이트 단조_ENT (ENT 기종에 조립되어 있을 것),8,False,대응 불명
3030C003AA,11,CV,USB 포트,압판 스토퍼 (압판 기종에 조립되어 있을 것),8,False,대응 불명
3030C003AA,12,NC,패널 노치 이음새,(항목 없음),12,True,문서 근거 없음
3030C003AA,13,CR,캐리지,압판 스토퍼 (압판 기종에 조립되어 있을 것),0,False,대응 불명
3030C003AA,14,NC,패널 노치 이음새,(항목 없음),14,True,문서 근거 없음
3030C004AA,0,BC,바코드명판 2206L CN,토너 지역 라벨 （일본／아시아） (기종별  정규 부품 부착되어 있을 것),0,True,대응 불명
3030C004AA,1,TL,NPG 토너라벨,좌전카바 각인 (기종별  각인 상태 확인 할 것),8,False,대응 불명
3030C004AA,2,CN,Canon 인쇄,우전카바 인쇄 (기종별  인쇄 상태확인 할 것) / 제품 명칭 라벨 2206L (기종별  정규 부품 부착되어 있을 것),8,False,대응 가능
3030C004AA,3,MD,2206L 명판,현상 가압 레버 피스 (전기종 조립되어 있을 것) / 현상 가압 조작 라벨 (전기종 부착되어 있을 것),8,False,대응 불명
3030C004AA,4,DR,파란 레버+NPG-59 드럼라벨,용지 적재 제한 라벨 (전기종 부착되어 있을 것),9,False,대응 불명
3030C004AA,5,BP,파란 부품+▲▲▲,위치 결정 코마 (전기종 조립되어 있을 것),6,False,대응 불명
3030C004AA,6,BP,파란 부품(하단),용지 적재 제한 라벨 (전기종 부착되어 있을 것),6,True,대응 가능
3030C004AA,7,BP,파란 부품+▲▲▲,모듈러 카바 (전기종 조립되어 있을 것),0,False,대응 불명
3030C004AA,8,PN,사각 패널,전원 스위치 (OFF 상태로 되어 있을 것),8,True,대응 불명
3030C004AA,9,PW,전원 스위치,카바 라이트 단조_ENT (ENT 기종에 조립되어 있을 것),9,True,대응 불명
3030C004AA,10,PO,포트+나사,카바 라이트 단조_ENT (ENT 기종에 조립되어 있을 것),8,False,대응 불명
3030C004AA,11,CV,USB 포트,압판 스토퍼 (압판 기종에 조립되어 있을 것),8,False,대응 불명
3030C004AA,12,NC,패널 노치 이음새,(항목 없음),12,True,문서 근거 없음
3030C004AA,13,CR,캐리지,압판 스토퍼 (압판 기종에 조립되어 있을 것),0,False,대응 불명
3030C004AA,14,NC,패널 노치 이음새,(항목 없음),14,True,문서 근거 없음
3031C001AA,0,BC,바코드명판 2006N TW,토너 지역 라벨 （일본／아시아） (기종별  정규 부품 부착되어 있을 것),0,True,대응 불명
3031C001AA,1,TL,NPG 토너라벨,좌전카바 각인 (기종별  각인 상태 확인 할 것),8,False,대응 불명
3031C001AA,2,CN,Canon 인쇄,우전카바 인쇄 (기종별  인쇄 상태확인 할 것) / 제품 명칭 라벨 2006N (기종별  정규 부품 부착되어 있을 것),8,False,대응 가능
3031C001AA,3,MD,2006N 명판,현상 가압 레버 피스 (전기종 조립되어 있을 것) / 현상 가압 조작 라벨 (전기종 부착되어 있을 것),8,False,대응 불명
3031C001AA,4,DR,파란 레버+NPG-59 드럼라벨,용지 적재 제한 라벨 (전기종 부착되어 있을 것),9,False,대응 불명
3031C001AA,5,BP,파란 부품+▲▲▲,위치 결정 코마 (전기종 조립되어 있을 것),6,False,대응 불명
3031C001AA,6,BP,파란 부품(하단),용지 적재 제한 라벨 (전기종 부착되어 있을 것),6,True,대응 가능
3031C001AA,7,BP,파란 부품+▲▲▲,모듈러 카바 (전기종 조립되어 있을 것),12,False,대응 불명
3031C001AA,8,PN,사각 패널,전원 스위치 (OFF 상태로 되어 있을 것),8,True,대응 불명
3031C001AA,9,PW,전원 스위치,카바 라이트 단조_STD (STD 기종에 조립되어 있을 것),9,True,대응 불명
3031C001AA,10,PO,포트+나사,카바 라이트 단조_STD (STD 기종에 조립되어 있을 것),10,True,대응 불명
3031C001AA,11,CV,USB 커버 패널,압판 스토퍼 (압판 기종에 조립되어 있을 것),11,True,대응 불명
3031C001AA,12,NC,패널 노치+나사,(항목 없음),0,False,문서 근거 없음
3031C001AA,13,CR,캐리지,압판 스토퍼 (압판 기종에 조립되어 있을 것),0,False,대응 불명
3031C001AA,14,NC,패널 노치+나사,(항목 없음),14,True,문서 근거 없음
3031C002AA,0,BC,바코드명판 2006N,토너 지역 라벨 （일본／아시아） (기종별  정규 부품 부착되어 있을 것),0,True,대응 불명
3031C002AA,1,TL,NPG 토너라벨,좌전카바 각인 (기종별  각인 상태 확인 할 것),1,True,대응 불명
3031C002AA,2,CN,Canon 인쇄,우전카바 인쇄 (기종별  인쇄 상태확인 할 것) / 제품 명칭 라벨 2006N (기종별  정규 부품 부착되어 있을 것),2,True,대응 가능
3031C002AA,3,MD,2006N 명판,현상 가압 레버 피스 (전기종 조립되어 있을 것) / 현상 가압 조작 라벨 (전기종 부착되어 있을 것),3,True,대응 불명
3031C002AA,4,DR,파란 레버+NPG-59 드럼라벨,용지 적재 제한 라벨 (전기종 부착되어 있을 것),4,True,대응 불명
3031C002AA,5,BP,파란 부품+▲▲▲,위치 결정 코마 (전기종 조립되어 있을 것),5,True,대응 불명
3031C002AA,6,BP,파란 부품(하단),용지 적재 제한 라벨 (전기종 부착되어 있을 것),6,True,대응 가능
3031C002AA,7,BP,파란 부품+▲▲▲,모듈러 카바 (전기종 조립되어 있을 것),0,False,대응 불명
3031C002AA,8,PN,사각 패널,전원 스위치 (OFF 상태로 되어 있을 것),8,True,대응 불명
3031C002AA,9,PW,전원 스위치,카바 라이트 단조_STD (STD 기종에 조립되어 있을 것),9,True,대응 불명
3031C002AA,10,PO,포트+나사,카바 라이트 단조_STD (STD 기종에 조립되어 있을 것),10,True,대응 불명
3031C002AA,11,CV,포트+USB,(항목 없음),11,True,문서 근거 없음
3031C002AA,12,CR,캐리지,(항목 없음),0,False,문서 근거 없음
3031C003AA,0,BC,바코드명판 2006N IND,토너 지역 라벨 （일본／아시아） (기종별  정규 부품 부착되어 있을 것),0,True,대응 불명
3031C003AA,1,TL,NPG 토너라벨,좌전카바 각인 (기종별  각인 상태 확인 할 것),8,False,대응 불명
3031C003AA,2,CN,Canon 인쇄,우전카바 인쇄 (기종별  인쇄 상태확인 할 것) / 제품 명칭 라벨 2006N (기종별  정규 부품 부착되어 있을 것),2,True,대응 가능
3031C003AA,3,MD,2006N 명판,현상 가압 레버 피스 (전기종 조립되어 있을 것) / 현상 가압 조작 라벨 (전기종 부착되어 있을 것),8,False,대응 불명
3031C003AA,4,DR,파란 레버+NPG-59 드럼라벨,용지 적재 제한 라벨 (전기종 부착되어 있을 것),4,True,대응 불명
3031C003AA,5,BP,파란 부품+▲▲▲,위치 결정 코마 (전기종 조립되어 있을 것),6,False,대응 불명
3031C003AA,6,BP,파란 부품(하단),용지 적재 제한 라벨 (전기종 부착되어 있을 것),6,True,대응 가능
3031C003AA,7,BP,파란 부품+▲▲▲,모듈러 카바 (전기종 조립되어 있을 것),0,False,대응 불명
3031C003AA,8,PN,사각 패널,전원 스위치 (OFF 상태로 되어 있을 것),8,True,대응 불명
3031C003AA,9,PW,전원 스위치,카바 라이트 단조_STD (STD 기종에 조립되어 있을 것),9,True,대응 불명
3031C003AA,10,PO,포트+나사,카바 라이트 단조_STD (STD 기종에 조립되어 있을 것),10,True,대응 불명
3031C003AA,11,CV,USB 커버 패널,(항목 없음),11,True,문서 근거 없음
3031C003AA,12,CR,캐리지,(항목 없음),0,False,문서 근거 없음
