machine_type,step,n,mean_inlier_ratio,pct_implausible
3029C003AA,0,7,0.8435714285714286,0.42857142857142855
3029C003AA,1,7,0.7328571428571429,0.42857142857142855
3029C003AA,2,7,0.8028571428571428,0.0
3029C003AA,3,7,0.6621428571428571,0.14285714285714285
3029C003AA,4,7,0.8092857142857143,0.2857142857142857
3029C003AA,5,7,0.469163566047537,0.0
3029C003AA,6,7,0.4293001466320794,0.42857142857142855
3029C003AA,7,7,0.3338095238095238,0.0
3029C003AA,8,5,0.5793040293040292,0.14285714285714285
3029C003AA,9,7,0.5520236511411026,0.14285714285714285
3029C003AA,10,7,0.8150000000000001,0.0
3029C003AA,11,7,0.22621194411364348,0.0
3029C003AA,12,7,0.2849080926466574,0.5714285714285714
3029C003AA,13,7,0.13285714285714287,0.2857142857142857
3029C003AA,14,7,0.35390812844326397,0.5714285714285714
3029C004AA,0,7,0.6692857142857143,0.14285714285714285
3029C004AA,1,7,0.7417638483965014,0.2857142857142857
3029C004AA,2,7,0.7664285714285715,0.0
3029C004AA,3,7,0.6214285714285713,0.14285714285714285
3029C004AA,4,7,0.6485714285714286,0.0
3029C004AA,5,7,0.3749979730015222,0.2857142857142857
3029C004AA,6,7,0.4590899021278768,0.42857142857142855
3029C004AA,7,7,0.11571428571428573,0.14285714285714285
3029C004AA,8,7,0.3872420821875661,0.14285714285714285
3029C004AA,9,7,0.394344122547256,0.5714285714285714
3029C004AA,10,7,0.4471428571428571,0.0
3029C004AA,11,7,0.5642857142857143,0.0
3029C004AA,12,7,0.3190601503759399,0.42857142857142855
3029C004AA,13,7,0.14788220551378448,0.42857142857142855
3029C004AA,14,7,0.07804429451875625,0.5714285714285714
3029C004AA,15,7,0.5599999999999999,0.5714285714285714
3029C004AA,16,7,0.12606774668630338,0.8571428571428571
3029C004AA,17,7,0.8428571428571429,0.0
3029C005AA,0,7,0.7957142857142857,0.2857142857142857
3029C005AA,1,7,0.7499716115242607,0.14285714285714285
3029C005AA,2,7,0.6799999999999999,0.0
3029C005AA,3,7,0.6514285714285715,0.42857142857142855
3029C005AA,4,7,0.6921428571428571,0.7142857142857143
3029C005AA,5,7,0.5389028793815339,0.0
3029C005AA,6,7,0.4110036546843872,0.7142857142857143
3029C005AA,7,7,0.195,0.0
3029C005AA,8,7,0.5714439622002647,0.0
3029C005AA,9,7,0.3719219508985016,0.14285714285714285
3029C005AA,10,7,0.6807142857142857,0.0
3029C005AA,11,7,0.4752946964824162,0.0
3029C005AA,12,7,0.1442857142857143,1.0
3029C006AA,0,4,0.675,0.25
3029C006AA,1,4,0.7775,0.0
3029C006AA,2,4,0.825,0.0
3029C006AA,3,4,0.72375,0.0
3029C006AA,4,4,0.9525,0.0
3029C006AA,5,4,0.46731665584718396,0.0
3029C006AA,6,4,0.5013838489941431,0.0
3029C006AA,7,4,0.16125,0.25
3029C006AA,8,4,0.5004484455285371,0.0
3029C006AA,9,4,0.4531822344322344,0.0
3029C006AA,10,4,0.84875,0.0
3029C006AA,11,4,0.6153061746587258,0.0
3029C006AA,12,4,0.07125000000000001,0.5
3029C009AA,0,7,0.7507142857142857,0.14285714285714285
3029C009AA,1,7,0.7214285714285714,0.14285714285714285
3029C009AA,2,7,0.7735714285714286,0.0
3029C009AA,3,7,0.6907142857142857,0.14285714285714285
3029C009AA,4,7,0.8157142857142857,0.14285714285714285
3029C009AA,5,7,0.23577463646284164,0.8571428571428571
3029C009AA,6,7,0.400210467741446,0.42857142857142855
3029C009AA,7,7,0.23585514173029473,0.0
3029C009AA,8,7,0.34251603523940793,0.2857142857142857
3029C009AA,9,7,0.5080424742682593,0.14285714285714285
3029C009AA,10,7,0.5257142857142857,0.0
3029C009AA,11,7,0.3710593597252288,0.0
3029C009AA,12,7,0.14830509134366468,0.42857142857142855
3029C009AA,13,7,0.12000000000000001,0.7142857142857143
3029C009AA,14,7,0.20824492605545256,0.5714285714285714
3029C010AA,0,7,0.7300000000000001,0.2857142857142857
3029C010AA,1,7,0.5730448541575022,0.0
3029C010AA,2,7,0.7485714285714286,0.0
3029C010AA,3,7,0.7578571428571428,0.0
3029C010AA,4,7,0.8035714285714286,0.0
3029C010AA,5,7,0.4346667094058995,0.42857142857142855
3029C010AA,6,7,0.34253243400660277,0.14285714285714285
3029C010AA,7,7,0.22642857142857142,0.14285714285714285
3029C010AA,8,7,0.09122062198808452,0.0
3029C010AA,9,7,0.32236263736263737,0.0
3029C010AA,10,7,0.4751217709305945,0.0
3029C010AA,11,7,0.4615978950535076,0.0
3029C010AA,12,7,0.6185714285714285,0.0
3029C010AA,13,7,0.378194185574166,0.2857142857142857
3029C010AA,14,7,0.7892857142857144,0.14285714285714285
3029C010AA,15,7,0.15785714285714286,0.14285714285714285
3029C010AA,16,7,0.6086180904522613,0.14285714285714285
3029C010AA,17,7,0.755,0.42857142857142855
3029C010AA,18,7,0.3131791265729089,0.14285714285714285
3029C010AA,19,7,0.8792857142857143,0.0
3030C001AA,0,7,0.875,0.14285714285714285
3030C001AA,1,7,0.6741083413231064,0.0
3030C001AA,2,7,0.6878571428571428,0.2857142857142857
3030C001AA,3,7,0.7649999999999999,0.0
3030C001AA,4,7,0.8564285714285714,0.0
3030C001AA,5,7,0.34187003882948674,0.2857142857142857
3030C001AA,6,7,0.39720669026979144,0.42857142857142855
3030C001AA,7,7,0.16158818834796487,0.7142857142857143
3030C001AA,8,7,0.42913656371639564,0.2857142857142857
3030C001AA,9,7,0.47890672353913766,1.0
3030C001AA,10,7,0.3317367726191912,0.2857142857142857
3030C001AA,11,7,0.55099079135351,0.0
3030C001AA,12,7,0.26335702137998057,0.8571428571428571
3030C001AA,13,7,0.18018498032708427,0.5714285714285714
3030C001AA,14,7,0.23757031476577176,0.8571428571428571
3030C002AA,0,1,0.82,1.0
3030C002AA,1,1,0.7423312883435583,0.0
3030C002AA,2,1,0.835,0.0
3030C002AA,3,1,0.68,0.0
3030C002AA,4,1,0.9,0.0
3030C002AA,5,1,0.3858267716535433,1.0
3030C002AA,6,1,0.3703703703703703,0.0
3030C002AA,7,1,0.12,0.0
3030C002AA,8,1,0.4545454545454545,0.0
3030C002AA,9,1,0.4215686274509804,0.0
3030C002AA,10,1,0.108695652173913,1.0
3030C002AA,11,1,0.2045454545454545,0.0
3030C002AA,12,1,0.1627906976744186,0.0
3030C002AA,13,1,0.115,1.0
3030C002AA,14,1,0.1081081081081081,1.0
3030C003AA,0,7,0.8007142857142858,0.0
3030C003AA,1,7,0.8025187449304607,0.0
3030C003AA,2,7,0.6763677811550152,0.0
3030C003AA,3,7,0.7542857142857143,0.0
3030C003AA,4,7,0.8192857142857143,0.0
3030C003AA,5,7,0.5351676275646381,0.14285714285714285
3030C003AA,6,7,0.44266864509172754,0.14285714285714285
3030C003AA,7,7,0.27571428571428575,0.14285714285714285
3030C003AA,8,7,0.434557419805867,0.14285714285714285
3030C003AA,9,7,0.5171476315290803,0.0
3030C003AA,10,7,0.4668013628566944,0.14285714285714285
3030C003AA,11,7,0.5912835653216016,0.0
3030C003AA,12,7,0.29574913014423354,0.14285714285714285
3030C003AA,13,7,0.21214285714285716,0.14285714285714285
3030C003AA,14,7,0.286419946112276,0.2857142857142857
3030C004AA,0,7,0.7557142857142857,0.2857142857142857
3030C004AA,1,7,0.7320242401976501,0.14285714285714285
3030C004AA,2,7,0.7692857142857142,0.0
3030C004AA,3,7,0.6664285714285715,0.0
3030C004AA,4,7,0.6907142857142857,0.0
3030C004AA,5,7,0.3985733361734815,0.14285714285714285
3030C004AA,6,7,0.2302778920425979,0.2857142857142857
3030C004AA,7,7,0.13499999999999998,0.7142857142857143
3030C004AA,8,7,0.48488234794763013,0.2857142857142857
3030C004AA,9,7,0.20930414731536487,0.2857142857142857
3030C004AA,10,7,0.5528204974167968,0.0
3030C004AA,11,7,0.6996498871179934,0.0
3030C004AA,12,7,0.4043026273890134,0.42857142857142855
3030C004AA,13,7,0.07857142857142858,0.7142857142857143
3030C004AA,14,7,0.2273167788696593,0.7142857142857143
3031C001AA,0,4,0.81625,0.0
3031C001AA,1,4,0.4599631618381618,0.0
3031C001AA,2,4,0.7949999999999999,0.0
3031C001AA,3,4,0.6499999999999999,0.0
3031C001AA,4,4,0.78625,0.0
3031C001AA,5,4,0.3066358024691358,0.25
3031C001AA,6,4,0.44913043478260867,0.0
3031C001AA,7,4,0.20375,0.0
3031C001AA,8,4,0.41161982034192984,0.25
3031C001AA,9,4,0.459752064188086,0.0
3031C001AA,10,4,0.6475,0.0
3031C001AA,11,4,0.5367922293295427,0.0
3031C001AA,12,4,0.2130126743540503,0.5
3031C001AA,13,4,0.13625,0.0
3031C001AA,14,4,0.2680541900764497,0.0
3031C002AA,0,7,0.7957142857142857,0.2857142857142857
3031C002AA,1,7,0.7258369408369408,0.0
3031C002AA,2,7,0.7521428571428571,0.0
3031C002AA,3,7,0.6042857142857143,0.2857142857142857
3031C002AA,4,7,0.7842857142857144,0.42857142857142855
3031C002AA,5,7,0.41369677871683247,0.42857142857142855
3031C002AA,6,7,0.4844788813368048,0.2857142857142857
3031C002AA,7,7,0.20323066841415466,0.14285714285714285
3031C002AA,8,7,0.4693489283825419,0.14285714285714285
3031C002AA,9,7,0.6047454171989378,0.0
3031C002AA,10,7,0.507258064516129,0.0
3031C002AA,11,7,0.6425567842253395,0.0
3031C002AA,12,7,0.07642462509865824,1.0
3031C003AA,0,7,0.8135714285714286,0.0
3031C003AA,1,7,0.7853196803196802,0.14285714285714285
3031C003AA,2,7,0.7392857142857142,0.14285714285714285
3031C003AA,3,7,0.6914285714285714,0.14285714285714285
3031C003AA,4,7,0.8385714285714286,0.0
3031C003AA,5,7,0.5184989748307528,0.2857142857142857
3031C003AA,6,7,0.23884830853069902,0.42857142857142855
3031C003AA,7,7,0.20428571428571426,0.2857142857142857
3031C003AA,8,7,0.38694137013907515,0.0
3031C003AA,9,7,0.6040788453934598,0.0
3031C003AA,10,7,0.5627722772277227,0.14285714285714285
3031C003AA,11,7,0.5349441528334753,0.0
3031C003AA,12,7,0.2764285714285714,0.0
