machine_type,step,n,mean_inlier_ratio,min_inlier_ratio,mean_abs_dx,mean_abs_dy,max_abs_dx,max_abs_dy,mean_abs_rot,max_abs_rot
3029C006AA,12,4,0.07125000000000001,0.055,79.18072732429677,116.05158147570106,167.5854316490736,187.30706965192613,9.362702705375352,10.276427062015731
3031C002AA,12,7,0.07642462509865824,0.035,742.0435571303157,320.5384732884903,1216.0623627629598,891.2317221975123,76.01922583986895,167.32000531937118
3029C004AA,14,7,0.07804429451875625,0.0425531914893617,244.86523128874666,392.133710971944,1072.451982075391,864.1810176171422,54.080240007081905,110.89233365619732
3030C004AA,13,7,0.07857142857142858,0.065,694.3434596443002,59.06831282245007,1007.8881694622024,121.58290249110073,62.966915347460336,91.292499437519
3029C010AA,8,7,0.09122062198808452,0.0703125,88.28942945238755,48.769132185716835,134.50506558696483,98.30884473836883,2.847813092926373,7.4180367854592335
3030C002AA,14,1,0.1081081081081081,0.1081081081081081,292.9746066285478,798.3544304938439,292.9746066285478,798.3544304938439,134.29763761820763,134.29763761820763
3030C002AA,10,1,0.108695652173913,0.108695652173913,545.783133225208,631.7913766222043,545.783133225208,631.7913766222043,34.31134217407186,34.31134217407186
3030C002AA,13,1,0.115,0.115,11.231503405916497,853.3706646425055,11.231503405916497,853.3706646425055,91.1410013092727,91.1410013092727
3029C004AA,7,7,0.11571428571428573,0.045,92.70996267203225,65.87568365588095,212.98686923149484,105.30089060439168,4.4545381981671515,7.717378827877864
3030C002AA,7,1,0.12,0.12,37.44294844443399,68.51123038108824,37.44294844443399,68.51123038108824,5.353996061013869,5.353996061013869
3029C009AA,13,7,0.12000000000000001,0.065,556.6788176867854,730.7328595409033,839.9781805800993,1080.023424641494,107.90676050289531,159.72996882656378
3029C004AA,16,7,0.12606774668630338,0.05,880.3748435891827,286.07578308341624,1188.8837900004849,896.7279319428391,102.05792236332876,176.88093829907407
3029C003AA,13,7,0.13285714285714287,0.065,33.9691543949984,102.69400214808199,92.46330072971304,234.0297257260141,7.728452348372672,18.445168753306888
3030C004AA,7,7,0.13499999999999998,0.035,246.6714744593509,338.32178927672913,372.4415616796391,567.2968777605173,3.124607735732533,6.1861375242891885
3031C001AA,13,4,0.13625,0.105,74.67922440517546,14.216797155099806,99.82421017261264,39.553652976514414,1.183782668016172,1.8498804585617064
3029C005AA,12,7,0.1442857142857143,0.09,407.7959034486075,884.7705132403845,915.4013038317356,1142.690629188014,108.14501106067542,172.75526739953474
3029C004AA,13,7,0.14788220551378448,0.03,246.45009204994273,99.25548011199712,698.6695797010439,304.5212474867084,34.884775271906996,157.4953989269745
3029C009AA,12,7,0.14830509134366468,0.0833333333333333,220.61780800192932,255.13307742402804,866.3449934693407,1278.439373408361,43.72433195165462,123.0763452604196
3029C010AA,15,7,0.15785714285714286,0.03,123.2015058794578,95.59878048534691,489.4717565654075,344.5734656911946,16.84733502196284,86.18655553305176
3029C006AA,7,4,0.16125,0.13,133.91039796574972,131.22200638821099,157.96567764162432,150.60233391026725,4.06922501703991,4.744990270376397
3030C001AA,7,7,0.16158818834796487,0.08,199.59513372193072,157.4259846189195,260.00680536408873,230.1543051633884,4.945117753132878,5.228199215412535
3030C002AA,12,1,0.1627906976744186,0.1627906976744186,25.01190807751712,91.86041743081329,25.01190807751712,91.86041743081329,15.08867299178482,15.08867299178482
3030C001AA,13,7,0.18018498032708427,0.100502512562814,269.3751064229633,60.1437629864127,976.7033503337968,155.56544996102207,27.368722970825285,87.64994253460509
3029C005AA,7,7,0.195,0.08,74.55317737098619,41.676065045010034,138.8098820405456,78.87252968349588,1.705730574089554,3.5962488449963543
3031C002AA,7,7,0.20323066841415466,0.105,63.13962612988247,85.3117169296515,169.24811385030495,311.3496822421078,2.9661031069288013,6.640618019961548
3031C001AA,7,4,0.20375,0.135,19.48838128736763,29.147948026512154,40.96170491109631,52.44241206826595,3.0538096540814723,3.622824414018933
3031C003AA,7,7,0.20428571428571426,0.13,58.19591558006598,112.43822406295415,130.1876981315226,208.6820760421581,5.947620055966081,9.995122679475934
3030C002AA,11,1,0.2045454545454545,0.2045454545454545,35.45405315969975,87.49394461690459,35.45405315969975,87.49394461690459,5.865051518973345,5.865051518973345
3029C009AA,14,7,0.20824492605545256,0.087378640776699,139.3749484717018,89.80379139399504,284.60050172000166,169.4551711330915,21.998183955081913,37.35506240485798
3030C004AA,9,7,0.20930414731536487,0.1176470588235294,99.27351496038837,104.23025322531423,219.5120496165123,207.41800709968769,6.90633803424997,16.822577792487213
3030C003AA,13,7,0.21214285714285716,0.18,130.25519401179514,165.5457558348328,649.1030192614584,994.7774978385286,22.99925497092604,152.53917181426584
3031C001AA,12,4,0.2130126743540503,0.1043478260869565,132.69961268453253,88.01117471048275,333.7183361806756,292.2828929874646,15.290683858361959,49.58750767885968
3029C003AA,11,7,0.22621194411364348,0.1071428571428571,39.108662766992,13.943126553950988,144.3983167885843,31.824276559193777,1.8750322160751625,5.056378660203665
3029C010AA,7,7,0.22642857142857142,0.06,49.821839312866516,61.83287124272648,152.472153579135,189.809828368934,1.7705931309968306,5.2102923692127066
3030C004AA,14,7,0.2273167788696593,0.1363636363636363,487.57467607009113,111.278157969741,915.4202361670732,183.8686753981825,47.23359153598637,81.06658696846539
3030C004AA,6,7,0.2302778920425979,0.1818181818181818,223.11423346042992,143.86785424491296,1133.1054957280628,372.093503925401,31.849728756388973,151.6054196379418
3029C009AA,5,7,0.23577463646284164,0.1168831168831168,294.93546340066104,170.6481935356967,705.6756024538056,301.455451511959,1.8397653523704587,5.524427687755924
3029C009AA,7,7,0.23585514173029473,0.0813953488372093,55.56481837872766,39.88251680356295,150.14199091619477,86.75487589136593,2.6325638027736424,6.608525418453677
3030C001AA,14,7,0.23757031476577176,0.1363636363636363,351.37743116843905,292.943380429054,545.9614521698976,504.6000519933554,34.98990088939393,51.038684474734055
3031C003AA,6,7,0.23884830853069902,0.2111111111111111,53.419558983706644,130.10859927453876,165.52883572427243,212.49308901859683,2.6826562088033983,5.677707062514084
3030C001AA,12,7,0.26335702137998057,0.18,249.68438931584734,308.6389677981616,491.84435045523423,550.4214936543449,33.98983053977922,45.49607264264208
3031C001AA,14,4,0.2680541900764497,0.1584158415841584,25.0104594082009,66.66186598491811,43.15803010021658,79.2234723705835,5.700678275637009,6.757282800165943
3030C003AA,7,7,0.27571428571428575,0.135,38.4369844946574,42.896671531958745,136.2149085698036,167.10900291703436,2.4075067456990653,5.811430364578268
3031C003AA,12,7,0.2764285714285714,0.185,34.0041966928549,35.2083934376688,76.42508034625575,86.340807826139,0.9993769802940837,1.936222772297834
3029C003AA,12,7,0.2849080926466574,0.0930232558139534,120.90733824042893,157.91749171485478,423.7361652033396,380.9398890509437,24.237084616545104,98.36742813849268
3030C003AA,14,7,0.286419946112276,0.1111111111111111,276.1442400866441,254.30881715436857,978.8146204077876,878.8821078549907,50.63082646175371,175.76211865271569
3030C003AA,12,7,0.29574913014423354,0.2195121951219512,33.83490668813557,41.3504473802215,118.85663159388598,225.4145861637371,1.5542694775162817,2.9548473288395405
3031C001AA,5,4,0.3066358024691358,0.2222222222222222,102.18773403869838,111.57745732022082,134.21685681277197,295.147976395544,3.17717783185173,4.7929622114878345
3029C010AA,18,7,0.3131791265729089,0.2072538860103626,210.5824427004277,128.611118760357,1110.6405634262069,772.994598367606,25.747236781410276,168.45212644610007
3029C004AA,12,7,0.3190601503759399,0.2,178.17105598354422,207.19633086845218,842.0851231224573,798.5707117885228,28.154442484272156,172.02283896603848
3029C010AA,9,7,0.32236263736263737,0.1615384615384615,39.069833528414065,61.83253083272126,73.24905364072448,128.29410698645512,2.734129770873569,3.9321840243927615
3030C001AA,10,7,0.3317367726191912,0.135593220338983,179.6689178706554,139.11979763590855,717.9404384617739,700.0044236913855,17.778284944447364,86.37228660479968
3029C003AA,7,7,0.3338095238095238,0.125,29.512053700053006,56.47322008319721,103.52404816637753,106.40729806703848,1.1683312296185158,2.1338314466805954
3030C001AA,5,7,0.34187003882948674,0.2268041237113402,93.35938989241963,133.14732019372678,194.408913016479,337.116261182454,1.896824001822066,2.893238197518494
3029C009AA,8,7,0.34251603523940793,0.2647058823529412,210.00856131275103,141.37820705722763,1060.1257884512238,502.44234542361175,17.54200938815452,62.22496491453664
3029C010AA,6,7,0.34253243400660277,0.2439024390243902,108.90240499776942,118.36054820781028,192.12041901770368,150.78650004769244,1.4278577280375593,4.414649475024024
3029C003AA,14,7,0.35390812844326397,0.14,143.5152763474631,153.20438740954873,247.86410951955415,299.7306507532188,20.122273657279095,30.25401822386418
3030C002AA,6,1,0.3703703703703703,0.3703703703703703,113.54984351558508,23.793340065275768,113.54984351558508,23.793340065275768,4.646724970415392,4.646724970415392
3029C009AA,11,7,0.3710593597252288,0.25,31.324977691606126,29.7026485209573,55.27180816779696,45.29048669833448,3.9345631708721975,7.076198952984553
3029C005AA,9,7,0.3719219508985016,0.2923076923076923,134.51524874608734,34.929077821937696,214.91746562136152,143.97817288991544,5.786461170820398,7.946358301512944
3029C004AA,5,7,0.3749979730015222,0.2925170068027211,133.28197096274224,63.369709268119486,373.6327436980336,149.40315808424802,1.5391485980285626,4.812392934650573
3029C010AA,13,7,0.378194185574166,0.1555555555555555,118.07388224288987,116.06086091047003,660.3207631904936,368.1551054755507,23.13676133151598,151.24391864842906
3030C002AA,5,1,0.3858267716535433,0.3858267716535433,130.7988515867405,161.59428505020378,130.7988515867405,161.59428505020378,0.1061505024534846,0.1061505024534846
3031C003AA,8,7,0.38694137013907515,0.2580645161290322,31.488200320401756,23.93496680203924,75.22823461051335,43.94764647104033,1.5170721159496396,3.26643485027116
3029C004AA,8,7,0.3872420821875661,0.2352941176470588,70.7119725644092,46.80602045899281,289.5849295469393,96.65744718373766,4.724245868409026,25.76759565483444
3029C004AA,9,7,0.394344122547256,0.2857142857142857,200.06105324634046,82.27785976520975,299.2645510680122,155.8527968933561,4.455341474120793,9.374443940713826
3030C001AA,6,7,0.39720669026979144,0.1587301587301587,196.81698673285078,125.81801751799678,496.8036773489784,519.7001764050891,1.0659188718247978,1.7511923173713646
3030C004AA,5,7,0.3985733361734815,0.2926829268292683,158.64648034735464,17.680087445311997,693.9192335773528,80.62153123275655,1.7411242772226403,6.511578878235111
3029C009AA,6,7,0.400210467741446,0.3176470588235294,60.24586908209303,115.21262066530244,127.67459308956973,167.95658328706503,2.137654090228575,3.896937683536982
3030C004AA,12,7,0.4043026273890134,0.175,133.66704942344953,318.01251078178393,493.4840844493153,1076.538785266585,27.14927775420142,80.21284977582829
3029C005AA,6,7,0.4110036546843872,0.2575757575757575,158.17454264919525,122.66313591021267,242.0268057515914,188.60149277812565,4.645387175000996,7.704476879389754
3031C001AA,8,4,0.41161982034192984,0.3103448275862069,132.8045903062663,24.17907421031036,200.22572771126383,44.011776338532655,1.4756440307426364,4.340735422079519
3031C002AA,5,7,0.41369677871683247,0.2201834862385321,252.00664857071754,57.30336460427811,571.3683682256327,251.04480009228504,2.0960644137911713,5.008798690911368
3030C002AA,9,1,0.4215686274509804,0.4215686274509804,43.80269851888237,47.457349328823085,43.80269851888237,47.457349328823085,3.114071271984101,3.114071271984101
3030C001AA,8,7,0.42913656371639564,0.2916666666666667,116.10404857439646,85.90006453465405,422.1192782396945,243.90185474930144,11.629751926660855,46.82116484617632
3029C003AA,6,7,0.4293001466320794,0.2692307692307692,152.28018174155233,78.20736197970135,281.61483071184904,299.8389982434159,6.096321933419284,24.02381806524985
3030C003AA,8,7,0.434557419805867,0.25,49.51760991766343,106.22100601030728,128.26001892084614,440.9645014104008,3.899975170039965,10.48754901971718
3029C010AA,5,7,0.4346667094058995,0.2150537634408602,122.46627285855132,111.91053547276395,264.73211894859924,208.99440494355747,1.8096377858621788,4.368307353547558
3030C003AA,6,7,0.44266864509172754,0.2272727272727272,62.206334990392115,65.32600631710343,124.9074285028079,208.82049105843475,1.896222559235973,3.808205278371839
3029C004AA,10,7,0.4471428571428571,0.33,18.143966878362047,21.24906761795109,53.81056557613596,45.17150955115691,2.439757830100394,3.6785881032821512
3031C001AA,6,4,0.44913043478260867,0.3571428571428571,44.260331204501526,55.30560083130612,92.58555824643958,110.34053504085554,1.9640470867775301,3.1796919955708014
3029C006AA,9,4,0.4531822344322344,0.4285714285714285,119.54191837201611,36.19025173368468,143.8499522381472,77.55482688792492,2.23799684562385,4.117110386713868
3030C002AA,8,1,0.4545454545454545,0.4545454545454545,1.824653421165922,17.14677291793321,1.824653421165922,17.14677291793321,4.079654469842252,4.079654469842252
3029C004AA,6,7,0.4590899021278768,0.4,77.18262085510598,115.06263008548856,152.74329832712547,222.69541942330207,1.89301537545305,2.74338609425597
3031C001AA,9,4,0.459752064188086,0.41,42.395453168905064,14.554291687921602,64.12003935468714,30.24021446344799,0.7083446147822562,0.9977756485905728
3031C001AA,1,4,0.4599631618381618,0.3125,42.76559641563897,27.445571452324216,119.66797197519747,33.757483812656936,2.8572060655201534,4.662998974459525
3029C010AA,11,7,0.4615978950535076,0.3333333333333333,58.22279062483419,17.611914025624284,103.71426954067366,38.43297903093556,1.7741971955997562,3.7055214311750713
3030C003AA,10,7,0.4668013628566944,0.2040816326530612,21.300667094315827,102.14827881322599,80.60128442146507,551.2854164226238,3.0216318232800847,12.47613069587526
3029C006AA,5,4,0.46731665584718396,0.3617021276595745,134.85555938664402,55.685932807067275,198.4626658835478,107.88820619426642,2.1959493954402474,3.7188977667697154
3029C003AA,5,7,0.469163566047537,0.3529411764705882,22.310576842750514,42.36183210013089,41.57000795955083,84.56709582954616,1.492115208602168,3.198366307048549
3031C002AA,8,7,0.4693489283825419,0.3076923076923077,83.61168395374357,91.99989319906747,171.2896900405149,154.5224075182506,7.492269797275786,13.828570620636569
3029C010AA,10,7,0.4751217709305945,0.24,34.60282574477453,28.0779241069943,99.63231808757922,61.81441611457633,1.4424197320550862,5.562373261244164
3029C005AA,11,7,0.4752946964824162,0.303030303030303,37.864888963210106,36.184894658386945,131.5483980364882,134.26725484900635,0.9898921155568617,2.244566190180222
3030C001AA,9,7,0.47890672353913766,0.3846153846153846,249.61033915180724,60.558077680638284,285.7662461778602,93.83460711976451,5.012312851218108,7.611575757770354
3031C002AA,6,7,0.4844788813368048,0.2622950819672131,35.25679753496095,132.73475294527037,75.07047887032314,275.4303492801426,3.1601916673014077,7.31725792606164
3030C004AA,8,7,0.48488234794763013,0.2307692307692307,412.00722233806704,516.989840176918,2361.222370847741,2951.829279129317,20.367551137270052,98.1303155858649
3029C006AA,8,4,0.5004484455285371,0.3809523809523809,50.45891236621361,43.08398947678049,93.88421051868778,65.37698902386693,1.2272900273310985,2.382606876399229
3029C006AA,6,4,0.5013838489941431,0.3928571428571428,31.244256087193154,29.427811575070038,89.73011836952436,43.51995262280075,1.7578673208054325,2.7230716816174545
3031C002AA,10,7,0.507258064516129,0.39,41.85514837515455,25.397966776645024,77.98904968044857,45.94066929395699,5.12843959163748,8.744385072592937
3029C009AA,9,7,0.5080424742682593,0.4098360655737705,28.514917520516725,103.68900400460748,60.07237530310957,167.54870172316325,1.8450920648672626,2.597205731564237
3030C003AA,9,7,0.5171476315290803,0.3506493506493506,33.76089692031236,27.710753519703342,73.2861020379413,40.67094120333698,1.8540273718403575,3.200941589633043
3031C003AA,5,7,0.5184989748307528,0.2741935483870967,63.862604837789014,124.52536290606245,124.36239372498297,207.13728906354163,0.3607063437465439,0.6048368896327683
3029C009AA,10,7,0.5257142857142857,0.42,13.512487582959972,20.014925911187337,34.549834057609175,35.66099114317422,1.017714028315068,1.6369043718534486
3031C003AA,11,7,0.5349441528334753,0.3536585365853658,14.388882402528127,10.015891705652225,46.3623954173896,19.31996472448116,1.0497440932442397,2.228593490774828
3030C003AA,5,7,0.5351676275646381,0.430379746835443,47.34507547973248,51.51003510657083,79.52909295241548,165.8558868340742,1.1802483654789298,2.3711626050205115
3031C001AA,11,4,0.5367922293295427,0.4761904761904761,15.10789382508466,33.383498176255536,26.473596895679613,52.930647464207375,2.0487395363338803,3.3430832048400907
3029C005AA,5,7,0.5389028793815339,0.3970588235294117,102.51449465327205,73.36492958760941,157.46959833748218,144.39594245703708,1.8145491513422838,2.9851670896345373
3030C001AA,11,7,0.55099079135351,0.2894736842105263,78.68651838520317,31.683206703152,104.60123272539175,55.0003301936193,2.08308269059047,7.338961930560991
3029C003AA,9,7,0.5520236511411026,0.4090909090909091,82.15550835889039,50.63999525267053,111.96855293187254,171.75841692751874,2.261818740689965,4.200945543210442
3030C004AA,10,7,0.5528204974167968,0.4085365853658536,16.68679032051031,28.864403626046872,41.19758478650748,64.5227849789065,1.3600926783968805,1.944449154462044
3029C004AA,15,7,0.5599999999999999,0.35,265.0629196226597,119.03691600093948,534.2456865219979,260.9074008204087,3.1666712957947922,4.931095225066136
3031C003AA,10,7,0.5627722772277227,0.0594059405940594,24.039538456819965,78.76671073033056,64.28199962394977,468.69910824587015,1.5932738330934755,3.380673687333898
3029C004AA,11,7,0.5642857142857143,0.31,18.723238744399005,18.133650276705797,28.56806373035709,34.43302346957434,1.3472614995862204,2.150387115438309
3029C005AA,8,7,0.5714439622002647,0.3846153846153846,70.24532798825284,58.38552641093786,159.54642052961802,138.84102319826442,4.130551862647041,12.861109109498786
3029C010AA,1,7,0.5730448541575022,0.5238095238095238,51.87634707251108,38.84045079120388,130.9405519559061,122.15929873385667,2.9157748206407197,4.267148585388361
3029C003AA,8,5,0.5793040293040292,0.3846153846153846,85.16594979981045,51.92291564009821,327.62465600889016,82.40423361593955,9.489180582722067,26.58420781596157
3030C003AA,11,7,0.5912835653216016,0.4571428571428571,18.003201862982433,49.9684253093929,72.94305343737298,104.41798312056358,1.5074214035304478,4.339866044424854
3031C003AA,9,7,0.6040788453934598,0.4343434343434343,29.09495257257407,18.247273327417684,96.46940316015358,46.43754175430757,3.1263122860913835,7.77192852350233
3031C002AA,3,7,0.6042857142857143,0.44,118.20180916742163,106.9006280585622,186.24380490927825,170.5158264537886,2.325381621296486,3.81139002148972
3031C002AA,9,7,0.6047454171989378,0.492063492063492,36.38772947647608,32.97642838513539,64.80677043440464,95.58642954433408,5.073186257333993,7.224415050642959
3029C010AA,16,7,0.6086180904522613,0.0653266331658291,169.68344376304066,30.686292817056366,852.976586842159,75.99966631044617,14.728947816395191,89.7678314536884
3029C006AA,11,4,0.6153061746587258,0.4426229508196721,15.020354334057524,11.213674843292281,30.90565490316444,15.542382650545616,1.72297530412151,3.554492273561572
3029C010AA,12,7,0.6185714285714285,0.34,14.43020159569511,27.30484636041859,41.82563779530349,90.08712523070857,2.719282548080142,7.743615612905425
3029C004AA,3,7,0.6214285714285713,0.525,87.64566071591514,58.691297168091424,139.61922625925584,156.17619609147204,2.008814578761966,3.712247467830062
3031C002AA,11,7,0.6425567842253395,0.5416666666666666,29.61455481904988,4.376107683000436,76.51126650834682,7.393042392425837,1.1309967311621922,1.717695921289628
3031C001AA,10,4,0.6475,0.585,17.656963304291235,9.033766529729474,20.99988715909118,14.141089785185562,1.2959066693634802,1.9104348490113896
3029C004AA,4,7,0.6485714285714286,0.53,53.54778152022873,67.79072160790902,123.82981087170188,102.398945434814,5.80832859626886,9.527340724214332
3031C001AA,3,4,0.6499999999999999,0.565,46.80559694991385,25.161594730809373,119.1047700076374,57.16117103266407,1.4999999993250372,4.236690695219445
3029C005AA,3,7,0.6514285714285715,0.51,54.572708617009205,125.24442809906864,146.036983420587,209.46621292852305,2.3221835660322188,4.133020012112282
3029C003AA,3,7,0.6621428571428571,0.465,43.66318534600088,56.8237111340023,65.93129318510789,164.19460652214224,5.242249111936877,8.982157343715109
3030C004AA,3,7,0.6664285714285715,0.545,87.51592537362976,86.47649328097398,129.45544010197028,135.58185322744143,3.6926139663065642,5.041400531357796
3029C004AA,0,7,0.6692857142857143,0.505,62.15852961454304,67.10500915928579,106.47691261948071,159.10349563051918,4.2882578123985295,8.093839956623292
3030C001AA,1,7,0.6741083413231064,0.5637583892617449,127.91077128142547,35.06149489281085,176.63744547509867,115.57819121127103,5.435031649536187,10.380837562856495
3029C006AA,0,4,0.675,0.585,103.93624091788598,72.72794501376039,155.38575849833586,181.2727887800024,5.084726513000412,14.142352173716889
3030C003AA,2,7,0.6763677811550152,0.58,142.3433559699976,41.0021000118166,185.0199748485936,111.93863639952431,5.296232245531734,7.434530646773513
3029C005AA,2,7,0.6799999999999999,0.545,66.5849038320086,77.98170905468037,150.9092940335226,114.03947702954764,2.1722141460298907,7.474359230144248
3030C002AA,3,1,0.68,0.68,25.84773232876201,89.57545873207128,25.84773232876201,89.57545873207128,7.447239132335934,7.447239132335934
3029C005AA,10,7,0.6807142857142857,0.52,15.690663787407251,16.131504217146283,36.03834198895475,49.64622844595818,2.782433743355161,5.074536668771307
3030C001AA,2,7,0.6878571428571428,0.59,72.23566848495987,84.95185869727185,174.5132375641646,180.22165608938545,2.221274678238676,4.425376802031416
3029C009AA,3,7,0.6907142857142857,0.48,49.63044478117156,47.50857770785725,103.72427943289355,160.17362713015368,2.2925674368169773,3.721159912599299
3030C004AA,4,7,0.6907142857142857,0.48,25.366359147570154,45.41456764729628,53.42850118753092,116.69454321147846,2.6205006881015613,7.861345676880043
3031C003AA,3,7,0.6914285714285714,0.525,36.87385598894189,88.63866656555672,71.89662149250968,155.89315238190366,3.1883607290283638,6.201733323412675
3029C005AA,4,7,0.6921428571428571,0.49,94.93667345273256,147.63429034567488,233.69667114589365,202.05860873904675,4.008679732192304,9.580698861116876
3030C004AA,11,7,0.6996498871179934,0.5555555555555556,29.71522355463335,34.73621695961185,89.26786094878761,93.84888286206304,2.174762882690437,4.288778392033867
3029C009AA,1,7,0.7214285714285714,0.615,100.82937571200064,71.81487300162364,201.4339445010556,125.20350318699688,5.169900454304044,12.201534479206847
3029C006AA,3,4,0.72375,0.645,34.124926709102354,49.52173010676678,81.81455201978622,107.26937848045924,3.8077972551409367,5.676740940119768
3031C002AA,1,7,0.7258369408369408,0.5858585858585859,77.37757970935172,86.12993033930273,196.4769136081392,112.0583875741281,2.2876673554568194,5.655327430154878
3029C010AA,0,7,0.7300000000000001,0.26,38.744153221876864,72.7762159655265,67.82506119445101,165.25338062608415,2.710737772235958,6.389899227087793
3030C004AA,1,7,0.7320242401976501,0.6224489795918368,68.32345125307454,63.832955791541636,131.89272065055042,182.4852398171325,4.726002769260824,14.750516411483993
3029C003AA,1,7,0.7328571428571429,0.645,85.26222381869191,125.04769625256837,125.11145661751586,270.6210717607872,3.834402596467957,7.967582283370394
3031C003AA,2,7,0.7392857142857142,0.655,39.67961075867434,79.941373467717,72.95921782313388,166.70367576662997,3.0702459589462348,7.129138226743003
3029C004AA,1,7,0.7417638483965014,0.6173469387755102,147.5294078615125,51.214141214267045,305.55071587269026,158.516632398288,4.308364675524905,7.615203322657864
3030C002AA,1,1,0.7423312883435583,0.7423312883435583,134.96793275762178,149.53345150264002,134.96793275762178,149.53345150264002,19.04302221399852,19.04302221399852
3029C010AA,2,7,0.7485714285714286,0.625,25.927277180572016,27.631723169879137,56.18016115374496,65.35913085382579,1.1492929982850757,4.001377614972009
3029C005AA,1,7,0.7499716115242607,0.7142857142857143,79.82639177877651,108.68918506225499,170.1471426754978,157.44369836106506,11.352497113566017,16.084795237810717
3029C009AA,0,7,0.7507142857142857,0.6,39.39167918762735,74.0661337967426,62.88118553442642,156.75105116540968,3.3648824426561887,9.046518394625986
3031C002AA,2,7,0.7521428571428571,0.64,58.5635199608836,70.2327067738256,181.4643459026034,147.0464595950416,1.8978777891466905,5.4910218249787865
3030C003AA,3,7,0.7542857142857143,0.665,46.72763254608644,46.123046681216,100.194118199823,83.20907165200357,1.3420579179637966,3.4025707013252884
3029C010AA,17,7,0.755,0.63,111.86833386170257,94.60346003000554,365.4937820188628,170.71039066020265,2.5671046046457255,4.616587094816535
3030C004AA,0,7,0.7557142857142857,0.595,55.80543584646915,87.94545974114526,143.0768713437353,188.15169562682823,4.908158093609292,9.216263982674246
3029C010AA,3,7,0.7578571428571428,0.705,48.32830399227828,26.04563354243041,74.94183159287007,57.38606311446313,1.8054916458262908,3.188682498032474
3030C001AA,3,7,0.7649999999999999,0.67,86.07453274856208,73.47050251898348,154.65538473812632,127.74186731679892,4.6016943441555,11.467827854701516
3029C004AA,2,7,0.7664285714285715,0.67,48.74631130780507,66.47876309901125,102.18650778594144,102.08432528263576,1.6386881606959804,3.704030443946119
3030C004AA,2,7,0.7692857142857142,0.645,33.00505347112935,47.97897205698323,76.02423278635233,98.42586520844289,1.8750255267378002,6.056020481042329
3029C009AA,2,7,0.7735714285714286,0.655,54.48253131706469,59.467584507592335,115.60817549203406,138.13726358993011,4.181349770337847,9.136092719066506
3029C006AA,1,4,0.7775,0.645,36.95059094623914,28.606034849162366,60.76179280608724,48.90386100956376,2.0121417685160643,2.9006067759045764
3031C002AA,4,7,0.7842857142857144,0.56,128.88671881515899,119.34463801832767,344.5026534539626,204.42433417532345,4.481749693420829,10.293166252064845
3031C003AA,1,7,0.7853196803196802,0.74,76.51794714693168,91.98325821900629,128.88813770884263,231.8447308056113,1.3632057663648747,2.655477559898672
3031C001AA,4,4,0.78625,0.73,20.094056861174163,16.841740370976243,24.653485609469893,22.41754141271916,1.0306155652086815,2.1994876771177587
3029C010AA,14,7,0.7892857142857144,0.29,135.0686914710158,150.947781272897,780.629806205584,819.5144041656234,26.63217972129073,173.7496072820009
3031C001AA,2,4,0.7949999999999999,0.71,21.220254457574036,10.559019054088358,30.13013730307836,31.789564027474576,0.678944128612262,0.9533321424895408
3031C002AA,0,7,0.7957142857142857,0.495,62.81339497633189,122.15014623685605,126.43804940940704,170.66052849195378,3.5712109810018857,7.418165695328345
3029C005AA,0,7,0.7957142857142857,0.64,61.74700205409298,87.16052538296614,135.27564409436647,234.0942898099478,4.422084063848263,13.354165406878318
3030C003AA,0,7,0.8007142857142858,0.76,52.05361169483082,39.58163010602965,120.34893530174465,73.67994182704824,2.115245526672931,4.2546099633251
3030C003AA,1,7,0.8025187449304607,0.6954022988505747,50.69024541781142,55.87826998164019,103.25967641620808,114.25958395367172,1.441590710465341,6.057646279351641
3029C003AA,2,7,0.8028571428571428,0.705,35.32230785965785,61.05837571302355,70.96132820377012,100.82731030501732,2.847616012322269,4.412793049986222
3029C010AA,4,7,0.8035714285714286,0.59,66.00516406488923,56.45112612824788,128.87389125589942,135.09342771882822,1.8892550494805884,4.751386471704082
3029C003AA,4,7,0.8092857142857143,0.595,41.206417860845626,88.71911633885126,146.22065852340418,156.0246519212969,5.667836415564058,10.886054083456267
3031C003AA,0,7,0.8135714285714286,0.745,44.3658909103393,39.657414206803274,123.84735007899197,62.53041986305988,3.320431887868562,5.00548445895845
3029C003AA,10,7,0.8150000000000001,0.665,11.80717881445486,20.190231340317663,22.561384059247647,46.19103897290987,1.5728486854967119,3.853327418830239
3029C009AA,4,7,0.8157142857142857,0.77,76.23824789850308,71.78299327396326,139.6481118783099,157.18358818617392,2.150047232139161,5.4439502115751415
3031C001AA,0,4,0.81625,0.76,61.551353380355295,73.86683246507891,97.43324226618871,97.2604968330119,6.656209661643501,11.144198077972288
3030C003AA,4,7,0.8192857142857143,0.725,40.00700647401409,14.113286180341905,50.05093365154131,30.46492890497655,2.5369931609148266,3.5819906729046056
3030C002AA,0,1,0.82,0.82,17.539678502355528,206.67056456834325,17.539678502355528,206.67056456834325,4.188654835191661,4.188654835191661
3029C006AA,2,4,0.825,0.735,34.45234991959099,22.060746607780967,64.67403802216153,47.30766450251882,2.0157699743825344,3.5049155204209685
3030C002AA,2,1,0.835,0.835,14.170977424868438,45.19116679693688,14.170977424868438,45.19116679693688,0.2455842829226099,0.2455842829226099
3031C003AA,4,7,0.8385714285714286,0.735,29.81669364096411,31.247837921386225,55.654465957637726,123.0747535504744,1.4954910816671687,2.6128194644697924
3029C004AA,17,7,0.8428571428571429,0.73,77.14265364992558,66.94451196005818,165.85355763102828,126.4154453833412,2.296017293180728,6.771347791714831
3029C003AA,0,7,0.8435714285714286,0.645,296.03285209191057,351.6649011791423,1041.375848040501,973.9005959897676,51.5633600442607,174.5116881249262
3029C006AA,10,4,0.84875,0.795,22.645099614109732,26.101747750944007,57.00822493256394,37.82959069338667,1.397285638874792,4.438868732301346
3030C001AA,4,7,0.8564285714285714,0.82,28.506043500872,53.60064406295459,70.51089150626076,122.47855621711447,2.1885786589691447,4.7199911987719165
3030C001AA,0,7,0.875,0.725,176.33761069335782,193.06048344084522,1014.46020729096,971.2214498634336,27.149162068225827,178.31665193510904
3029C010AA,19,7,0.8792857142857143,0.835,35.43544838527088,37.271349216855995,62.44241235211862,67.2679797530189,1.0008750471346357,2.1771852969034726
3030C002AA,4,1,0.9,0.9,27.36512596563498,15.503808130330023,27.36512596563498,15.503808130330023,2.8464343525320346,2.8464343525320346
3029C006AA,4,4,0.9525,0.885,7.253535103305161,10.21687923851036,10.545701891525256,17.46876979583076,0.6537416471536066,0.9876662658260116
