machine_type,step,n,brightness_mean,brightness_std,hue_mean,hue_std
3029C003AA,0,8,150.22075128555298,21.554576403808934,140.1225118637085,14.065751688158322
3029C003AA,1,8,80.49130233128865,14.697241635516862,106.48320055007935,34.184192601585124
3029C003AA,2,8,109.67581748962402,6.374520882019253,143.03475030263266,8.961298173359074
3029C003AA,3,8,97.46599451700847,10.675658973000962,124.59357563654582,15.110448996985776
3029C003AA,4,8,67.9229572614034,8.809805682411959,53.99880933761597,9.472321028989338
3029C003AA,5,8,66.92534240086873,12.749931958247162,103.53663031260173,20.525960685214272
3029C003AA,6,8,42.81760485967,19.29206145559137,79.35536527633667,11.732837314619488
3029C003AA,7,8,93.2931138674418,21.533033741796547,81.01274474461873,14.403398560562437
3029C003AA,8,8,82.38329633076985,21.92234039741713,125.96281369527182,25.251659439438246
3029C003AA,9,8,101.69892326990762,18.335209142097508,114.40019257863364,10.819532334429367
3029C003AA,10,8,121.13478104273479,8.323951130553374,146.82208840052286,10.267244925685846
3029C003AA,11,8,123.83840942382812,8.689720494973802,141.3355712890625,5.485915925618121
3029C003AA,12,8,127.0313769976298,12.499204320052582,131.85778109232584,9.701111178953337
3029C003AA,13,8,69.16022396087646,12.437098605698615,98.43492825826009,10.405499136426709
3029C003AA,14,8,121.46436436971028,6.172933346523037,137.98287026087445,9.395433223257426
3029C004AA,0,8,122.05211718877156,9.551838023206596,133.96172269185385,7.819569194120575
3029C004AA,1,8,92.2983767191569,27.392849530125382,128.89071989059448,17.434310879375005
3029C004AA,2,8,120.40453863143921,6.045875191563635,147.70307381947836,7.942294963809569
3029C004AA,3,8,116.8082784016927,6.99791417523051,139.96693579355875,4.690544012774012
3029C004AA,4,8,53.06228335698446,10.247234625981426,59.088143507639565,9.313878510700782
3029C004AA,5,8,48.373950163523354,22.38499736514994,88.83943716684976,15.08829074181674
3029C004AA,6,8,66.07595602671306,20.869169071938206,67.89166100819905,13.553452288550098
3029C004AA,7,8,105.1578917503357,11.049363488712427,77.4115800857544,20.941257496794577
3029C004AA,8,8,105.7906764348348,12.002876913783826,135.7548453013102,12.377156067966704
3029C004AA,9,8,102.53895902633667,9.828812941769938,116.76915248235066,17.325737096370126
3029C004AA,10,8,112.02270730336507,9.26756261216113,137.77031103769937,8.851268541555639
3029C004AA,11,8,118.84266662597656,5.481831812036619,139.0708820025126,4.831308616615935
3029C004AA,12,8,134.96852731704712,9.743663581312237,144.37275409698486,10.707565047273421
3029C004AA,13,8,87.346200466156,17.15592282047316,67.4559129079183,12.577293471159024
3029C004AA,14,8,64.83780892690022,10.06739288204131,94.1784504254659,17.703186780360863
3029C004AA,15,8,105.43184105555217,19.097159018459102,104.43837690353394,9.526329554985928
3029C004AA,16,8,91.82892386118571,10.080930421503854,104.91265408198039,14.483554808265612
3029C004AA,17,8,113.40599012374878,13.996152517818464,118.64220492045084,15.13054531734165
3029C005AA,0,8,139.01952298482257,32.58729247397954,138.11717446645102,14.839157264088662
3029C005AA,1,8,74.69087568918864,20.27822903318223,112.09721279144287,27.080325349435807
3029C005AA,2,8,118.9566535949707,11.390105450369752,144.01448678970337,9.219411108716367
3029C005AA,3,8,111.34688186645508,13.611046107371127,140.6290192604065,9.872005433000457
3029C005AA,4,8,58.95900583267212,12.852160791988275,58.432040532430015,8.164796619135283
3029C005AA,5,8,45.49276574452718,20.349425107011132,83.1810113588969,21.22053140119918
3029C005AA,6,8,52.96877797444662,17.264258646315596,67.80743503570557,15.871161015505336
3029C005AA,7,8,105.50690221786499,16.609090362473626,72.80737272898357,14.434287282988539
3029C005AA,8,8,95.82848755518596,24.458385072561985,119.51075013478598,43.17273611287237
3029C005AA,9,8,101.94889322916666,14.307100696510267,118.66447512308757,15.299876842768027
3029C005AA,10,8,120.39264138539632,3.5714089466002976,142.8862091700236,9.959803799375626
3029C005AA,11,8,121.05719582239786,4.096063878814861,145.68156496683756,8.9010535896932
3029C005AA,12,8,108.73905499776204,14.2824290983449,110.63896719614664,15.059258349059874
3029C006AA,0,5,145.41636377970377,13.575586870059249,130.14740168253581,3.5949085209229343
3029C006AA,1,5,79.08364028930664,10.260858522906085,130.77259063720703,10.617148350673476
3029C006AA,2,5,111.16723327636718,4.412179084988298,142.26401799519857,6.613726275565703
3029C006AA,3,5,117.15892868041992,8.097558084472452,144.25454457600912,9.171057508467326
3029C006AA,4,5,54.625212605794275,7.411450671794689,57.24103927612305,13.16307200776447
3029C006AA,5,5,41.74353637695313,9.53901811789025,89.03842112223307,13.415487307902836
3029C006AA,6,5,69.16722030639649,6.936522177159281,52.57736053466797,6.409460062675032
3029C006AA,7,5,95.02102788289388,36.955548303961606,74.30980987548828,17.704901031886912
3029C006AA,8,5,102.29287389119466,6.991581160405054,147.00109786987304,5.323709205221842
3029C006AA,9,5,98.31253890991212,5.038067666710008,120.0497314453125,6.867621114179646
3029C006AA,10,5,118.74532012939453,4.236153734091549,136.5202944437663,5.283863829873535
3029C006AA,11,5,123.03448460896809,3.9795989536450227,145.82703119913737,2.109564832845559
3029C006AA,12,5,113.5053166707357,9.207848661640762,119.35572942097983,7.5796855812042345
3029C009AA,0,8,151.60091892878214,39.208034446782726,121.10242573420206,42.69044442877419
3029C009AA,1,8,81.48684883117676,18.168782897879854,111.21830431620279,21.495277342664927
3029C009AA,2,8,109.13590860366821,10.667166995297286,140.65794706344604,10.423782127568924
3029C009AA,3,8,111.80376434326172,8.76608419247681,142.68388811747232,12.236713895333146
3029C009AA,4,8,68.88691123326619,8.809053093069107,52.950385888417564,4.465367319692731
3029C009AA,5,8,48.03282197316487,13.237192977647585,89.37258927027385,13.774657426330451
3029C009AA,6,8,56.12197621663411,9.838010461311088,61.72955656051636,13.822387231233506
3029C009AA,7,8,95.99498335520425,23.34608798166014,67.99006779988606,13.311848082705039
3029C009AA,8,8,91.46543471018474,23.869895890343162,125.75254440307617,28.797283556505167
3029C009AA,9,8,100.03890879948935,5.647157132235346,124.31512530644734,8.982976796306218
3029C009AA,10,8,115.01583210627238,11.97654363960951,140.9175248146057,9.207930952607015
3029C009AA,11,8,117.0759220123291,18.669109972843742,142.14160172144574,5.8837516858065015
3029C009AA,12,8,127.12917486826578,16.181598876563754,129.81378316879272,8.509712479398003
3029C009AA,13,8,84.78726371129355,16.40374236199069,108.16959714889526,13.078985425032982
3029C009AA,14,8,112.23742532730103,10.582801267797098,133.9413267771403,7.34674711795549
3029C010AA,0,8,126.20574156443277,21.732281438294553,129.79402685165405,12.851777315633019
3029C010AA,1,8,108.88135051727295,13.37730695876775,142.50711393356323,5.162520632301484
3029C010AA,2,8,120.93402608235677,7.243614919898925,137.27860418955484,10.407724548007652
3029C010AA,3,8,115.68406867980957,3.590500708910206,143.4443647066752,9.742842554729249
3029C010AA,4,8,74.28391218185425,6.928733213686693,51.00303427378337,3.3302078425346506
3029C010AA,5,8,54.552791118621826,17.282248587460064,71.47237173716226,12.957310993425148
3029C010AA,6,8,66.43046585718791,15.524776349762893,52.937712828318276,8.44972973268373
3029C010AA,7,8,95.30890671412149,19.025379211784934,73.08571513493855,11.052729699217585
3029C010AA,8,8,113.20825529098511,8.967691233466718,98.16999403635661,14.546824099201862
3029C010AA,9,8,104.2381002108256,15.225276910538103,127.97142489751181,7.983145062894503
3029C010AA,10,8,114.25934727986653,11.730629508146869,149.1155457496643,5.408370697346322
3029C010AA,11,8,100.67437791824341,6.899564612586038,125.17730935414632,10.169578574404222
3029C010AA,12,8,112.95333083470662,4.947368435387316,136.1615459124247,8.661364392355587
3029C010AA,13,8,120.94912926355998,4.362772466979758,143.72378269831339,4.860789432864742
3029C010AA,14,8,123.41112248102823,5.980460173472667,142.5547515551249,4.909460545053888
3029C010AA,15,8,78.5327533086141,10.365302316546849,73.15608104070027,10.455307887894904
3029C010AA,16,8,60.51535240809123,8.178622534910248,90.42140038808186,11.68815091142639
3029C010AA,17,8,116.04424715042114,8.071435693128377,109.47731606165569,15.346671706455258
3029C010AA,18,8,87.46751308441162,5.683638905851474,106.79631153742473,9.094210174382278
3029C010AA,19,8,99.23251438140869,16.429225774148538,103.75458733240764,18.447879667984193
3030C001AA,0,8,151.64883009592694,33.08158691384364,135.94677448272705,16.021911536930542
3030C001AA,1,8,92.08903630574544,20.111492864718436,101.9973840713501,53.52776867990186
3030C001AA,2,8,113.31361436843872,11.153715166081867,141.54029242197672,8.763912849503164
3030C001AA,3,8,104.31468598047893,7.885708843495335,130.17018699645996,10.174486061653187
3030C001AA,4,8,64.08777205149333,7.59718608537324,57.59903224309286,11.75105147784397
3030C001AA,5,8,60.42611503601074,14.489105853801204,84.14550495147705,23.567536349028984
3030C001AA,6,8,48.61457363764445,18.04745192980098,76.01040267944336,16.969767302285696
3030C001AA,7,8,106.36748806635539,13.871867122265176,71.08165868123372,22.9692168722279
3030C001AA,8,8,85.68781725565593,25.56485755380327,118.31693490346274,39.07397593178444
3030C001AA,9,8,103.80914227167766,14.148180817812126,119.38192049662273,9.195378446954166
3030C001AA,10,8,126.30750560760498,7.913795710825266,141.24177344640097,10.452985986434044
3030C001AA,11,8,116.19098218282063,21.459366476131045,139.464129447937,24.881408805845396
3030C001AA,12,8,126.78378534317017,4.891430266732002,125.92155679066975,13.275152130619151
3030C001AA,13,8,87.22843313217163,19.075081139955937,101.0009355545044,20.052049406022483
3030C001AA,14,8,120.98068110148112,6.270859140189217,134.00148153305054,6.285621203418273
3030C002AA,0,2,118.81586583455405,2.861725607684907,134.78016408284506,4.300046717839852
3030C002AA,1,2,82.99369430541992,51.706314812012174,117.1475747426351,36.10336087713234
3030C002AA,2,2,114.5830109914144,5.305001118963836,151.19540278116864,3.398275894065455
3030C002AA,3,2,118.04544830322266,6.589663136426158,143.95211537679035,2.9787837027811026
3030C002AA,4,2,66.93576749165852,17.081960802797294,54.673961003621415,6.318775113411415
3030C002AA,5,2,72.2430534362793,37.370590508484185,78.48289553324382,29.015767004986767
3030C002AA,6,2,72.01776123046875,20.190321226206663,56.15919748942057,0.7047816238478986
3030C002AA,7,2,106.13602447509766,17.489428891572075,78.81574821472168,13.055034654635712
3030C002AA,8,2,113.11543273925783,19.785398582298736,139.7709967295329,8.28817618618495
3030C002AA,9,2,97.15543937683105,12.528714700892147,114.14963150024414,10.36533922036394
3030C002AA,10,2,127.98488998413086,6.43481269281565,146.88727315266925,7.391542107915462
3030C002AA,11,2,119.58560498555502,12.591943515419768,147.20798047383624,6.582839617848044
3030C002AA,12,2,117.32264073689777,7.338789988403279,130.82919057210287,6.804591833344443
3030C002AA,13,2,100.49399948120117,13.925629847937202,113.84062004089355,16.393507430020488
3030C002AA,14,2,112.92894999186198,4.354140343442249,139.0289134979248,7.862891781607648
3030C003AA,0,8,153.89140256245932,33.374205908442725,115.81825955708823,45.15723489426818
3030C003AA,1,8,77.84619061152141,14.84347824451806,128.15592908859253,16.36398240369342
3030C003AA,2,8,108.47861655553181,9.95236655194948,143.65623585383096,7.3870119451359715
3030C003AA,3,8,108.89878940582275,10.535792811062084,138.5306921005249,8.192118903964845
3030C003AA,4,8,56.18898137410482,11.161302051165578,52.359989166259766,5.568112084506116
3030C003AA,5,8,42.08997058868408,11.42613433329385,95.09157307942708,11.87406893507964
3030C003AA,6,8,60.551008224487305,13.753998622215526,55.48841953277588,10.274028805742818
3030C003AA,7,8,111.93200127283731,13.136221725918098,59.88113069534302,3.6921273636963945
3030C003AA,8,8,107.06669187545776,13.342740563798063,142.61752716700238,9.598220382381763
3030C003AA,9,8,101.56212584177653,6.96338344520289,120.48350524902344,13.981730295298334
3030C003AA,10,8,117.27089357376099,10.199382671462688,138.17841323216754,10.460494153642928
3030C003AA,11,8,123.98348808288574,4.625297010010056,144.73451805114746,7.834942387073244
3030C003AA,12,8,111.06581576665243,13.617509622748237,125.88129297892253,9.17775333506202
3030C003AA,13,8,82.8304238319397,14.12363347879297,106.77507495880127,11.099982682676611
3030C003AA,14,8,117.9489541053772,9.238953317293328,132.82322947184244,5.865836012902649
3030C004AA,0,8,125.74191506703694,9.133179609637905,138.65641323725382,6.371007559581493
3030C004AA,1,8,60.740029970804855,14.819894712420801,97.306662718455,26.25721872835512
3030C004AA,2,8,105.44111792246501,12.488391644620789,137.85371589660645,9.705717024786276
3030C004AA,3,8,107.7789511680603,18.121012756999754,137.61962922414145,18.760001563912137
3030C004AA,4,8,51.54741589228313,8.9661801288364,56.71994654337565,11.960638694515014
3030C004AA,5,8,51.66794157028198,22.915722543963366,85.30010350545247,16.68508629855641
3030C004AA,6,8,53.283310095469155,21.81818462721409,66.75960159301758,14.151648574523279
3030C004AA,7,8,96.96299378077188,17.547190761507377,79.31163167953491,19.565199514626872
3030C004AA,8,8,98.32442744572957,16.062785668492417,141.67808771133423,10.618258499054795
3030C004AA,9,8,98.18920087814331,12.840379877198007,120.53183460235596,20.939044469258395
3030C004AA,10,8,120.53458627065022,5.793505320569611,145.27734470367432,4.417171882717605
3030C004AA,11,8,124.80000607172649,6.373138956511021,148.54361041386923,8.625868223020946
3030C004AA,12,8,125.70057201385498,8.94497495220313,122.00433508555095,15.7292413753476
3030C004AA,13,8,88.18438784281413,15.427052694190168,100.34114583333334,14.563666830835615
3030C004AA,14,8,122.95385646820068,32.02978261984073,131.3229571978251,7.337701923167084
3031C001AA,0,5,125.12778574625652,7.200506190980845,137.72982838948568,5.167639681153507
3031C001AA,1,5,74.52791900634766,15.005144685559591,129.4627377827962,14.19596972256831
3031C001AA,2,5,108.04579620361328,4.520042717684651,146.93996760050453,4.789415589853301
3031C001AA,3,5,110.67874959309897,8.322001062179613,140.8601252237956,7.42954158695151
3031C001AA,4,5,48.046373240152995,9.769938735639277,47.59510930379232,3.8931038172058408
3031C001AA,5,5,41.05861384073893,16.249259644383876,93.16889343261718,7.652571950107434
3031C001AA,6,5,48.833559672037765,21.889465829021074,61.130167388916014,11.288194072344824
3031C001AA,7,5,98.80289255777994,30.560963488262928,64.55828170776367,11.069229051993752
3031C001AA,8,5,103.37719802856445,16.085464765410773,137.69783401489258,7.084398918905085
3031C001AA,9,5,96.7220074971517,3.8750467194130294,126.61697285970054,4.57853264877758
3031C001AA,10,5,110.21166305541992,9.398524386261316,131.40243021647134,6.033424050785646
3031C001AA,11,5,100.46904144287109,19.976965104435827,132.64520772298175,11.585413660663122
3031C001AA,12,5,129.00160903930663,12.056253584898789,134.21080373128254,3.481535912035191
3031C001AA,13,5,87.54566090901692,12.957325678309271,113.64081471761067,10.235854910486168
3031C001AA,14,5,100.49773279825845,6.736525373341466,132.48210601806642,3.9546974405859867
3031C002AA,0,8,140.80199464162192,25.271255433569788,135.13920386632284,13.08060513658243
3031C002AA,1,8,91.11280504862468,18.07739265859049,132.397407690684,17.159860294831816
3031C002AA,2,8,123.82035875320433,6.7957145981418305,141.32770808537802,8.807471992450573
3031C002AA,3,8,111.95256932576497,10.807681124440878,121.31129916508993,41.8043736540405
3031C002AA,4,8,56.35064713160197,11.852027512720653,61.11654392878214,11.319202450196785
3031C002AA,5,8,54.66555945078532,12.740596037896156,93.91438468297322,20.637957650155535
3031C002AA,6,8,61.62461646397908,13.768071730169764,58.19939676920573,16.28401854207916
3031C002AA,7,8,102.58274269104004,23.02183177272725,76.10333601633708,14.005539229416529
3031C002AA,8,8,89.76564248402914,21.416300792554452,125.52681541442871,28.622736611752018
3031C002AA,9,8,107.28385353088379,15.798724276902231,122.51805686950684,13.739054840505345
3031C002AA,10,8,110.57173983256023,21.08025251158361,129.78730265299478,17.388987225538834
3031C002AA,11,8,119.73583221435545,13.960358808316753,143.9526685078939,4.59741182428659
3031C002AA,12,8,116.61328506469727,9.961954398267817,110.17968511581421,7.885792623310634
3031C003AA,0,8,152.876136302948,29.228832288836102,125.38021405537923,20.30662096727688
3031C003AA,1,8,90.0088996887207,16.000438611472248,130.60836060841876,11.638168234652598
3031C003AA,2,8,116.1330730120341,10.848545614478319,146.90528345108032,8.3450450222083
3031C003AA,3,8,111.53784910837808,11.035573593661981,142.09135739008588,5.755975855630243
3031C003AA,4,8,60.902686278025314,7.379063135920817,56.63498226801555,11.536530212735178
3031C003AA,5,8,47.68498055140178,11.067173057199952,78.83957719802856,6.583770992301144
3031C003AA,6,8,73.86367400487264,8.334262800409233,51.22700468699138,5.205518414329211
3031C003AA,7,8,110.3013736406962,8.262627978504115,60.746109803517655,4.156901402770951
3031C003AA,8,8,112.5226149559021,8.931560587693365,142.4997534751892,10.192434019213636
3031C003AA,9,8,97.52153603235881,11.265604753875266,116.72965383529663,13.989161544781375
3031C003AA,10,8,115.4407320022583,8.779111201882746,139.3642479578654,9.197198799018198
3031C003AA,11,8,117.17004998524983,17.42097120434868,143.12054427464804,7.64292176190152
3031C003AA,12,8,110.0394590695699,10.42023806135348,112.37748702367146,22.85094154236461
