machine_type,product_id,step,filename,size_bytes,cell,process,timestamp
3029C003AA,2EQ16165,14,2022-01-03_12_08_40_429_cell1_process18_step_14.jpg,63311,1,18,2022-01-03_12_08_40_429
3029C003AA,2EQ16580,6,2022-01-05_08_15_56_415_cell1_process18_step_6.jpg,55570,1,18,2022-01-05_08_15_56_415
3029C003AA,2EQ16580,9,2022-01-05_08_16_10_044_cell1_process18_step_9.jpg,60073,1,18,2022-01-05_08_16_10_044
3029C003AA,2EQ16580,9,2022-01-05_08_16_12_340_cell1_process18_step_9.jpg,65272,1,18,2022-01-05_08_16_12_340
3029C003AA,2EQ16580,14,2022-01-05_08_16_25_542_cell1_process18_step_14.jpg,65289,1,18,2022-01-05_08_16_25_542
3029C003AA,2EQ17023,7,2022-01-12_15_49_16_968_cell1_process18_step_7.jpg,54345,1,18,2022-01-12_15_49_16_968
3029C003AA,2EQ17039,2,2022-01-12_16_25_55_515_cell1_process18_step_2.jpg,66681,1,18,2022-01-12_16_25_55_515
3029C004AA,2ES02926,1,2022-01-18_20_20_35_182_cell1_process18_step_1.jpg,71632,1,18,2022-01-18_20_20_35_182
3029C009AA,2EX36524,3,2022-01-11_10_27_16_288_cell1_process18_step_3.jpg,71489,1,18,2022-01-11_10_27_16_288
3029C009AA,2EX36527,8,2022-01-11_09_33_21_338_cell1_process18_step_8.jpg,53226,1,18,2022-01-11_09_33_21_338
3029C009AA,2EX36613,3,2022-01-19_13_45_14_928_cell1_process18_step_3.jpg,70140,1,18,2022-01-19_13_45_14_928
3029C009AA,2EX36661,3,2022-01-19_16_17_50_375_cell1_process18_step_3.jpg,77125,1,18,2022-01-19_16_17_50_375
