machine_type,checkpoint,step_index_hyp,part_no,part_name,guarantee_item
3029C003AA,1,0,C551,토너 지역 라벨 （유럽）,기종별  정규 부품 부착되어 있을 것
3029C003AA,2,1,B793,좌전카바 각인,기종별  각인 상태 확인 할 것
3029C003AA,3,2,6416,제품 명칭 라벨 2206N,기종별  정규 부품 부착되어 있을 것
3029C003AA,3,2,6323,우전카바 인쇄,기종별  인쇄 상태확인 할 것
3029C003AA,4,3,3102,현상 가압 조작 라벨,전기종 부착되어 있을 것
3029C003AA,4,3,3699,현상 가압 레버 피스,전기종 조립되어 있을 것
3029C003AA,5,4,1525,용지 적재 제한 라벨,전기종 부착되어 있을 것
3029C003AA,6,5,2917,위치 결정 코마,전기종 조립되어 있을 것
3029C003AA,7,6,1525,용지 적재 제한 라벨,전기종 부착되어 있을 것
3029C003AA,8,7,0000,모듈러 카바,전기종 조립되어 있을 것
3029C003AA,9,8,3780,전원 스위치,OFF 상태로 되어 있을 것
3029C003AA,10,9,V242,카바 라이트 단조_STD,STD 기종에 조립되어 있을 것
3029C003AA,11,10,V242,카바 라이트 단조_STD,STD 기종에 조립되어 있을 것
3029C003AA,12,11,3779,압판 스토퍼,압판 기종에 조립되어 있을 것
3029C003AA,14,13,3779,압판 스토퍼,압판 기종에 조립되어 있을 것
3029C004AA,1,0,C551,토너 지역 라벨 （유럽）,기종별  정규 부품 부착되어 있을 것
3029C004AA,2,1,B793,좌전카바 각인,기종별  각인 상태 확인 할 것
3029C004AA,3,2,6467,제품 명칭 라벨 2206iF,기종별  정규 부품 부착되어 있을 것
3029C004AA,3,2,6323,우전카바 인쇄,기종별  인쇄 상태확인 할 것
3029C004AA,4,3,3102,현상 가압 조작 라벨,전기종 부착되어 있을 것
3029C004AA,4,3,3699,현상 가압 레버 피스,전기종 조립되어 있을 것
3029C004AA,5,4,1525,용지 적재 제한 라벨,전기종 부착되어 있을 것
3029C004AA,6,5,2917,위치 결정 코마,전기종 조립되어 있을 것
3029C004AA,7,6,1525,용지 적재 제한 라벨,전기종 부착되어 있을 것
3029C004AA,8,7,0000,모듈러 카바,전기종 조립되어 있을 것
3029C004AA,9,8,3780,전원 스위치,OFF 상태로 되어 있을 것
3029C004AA,10,9,V243,카바 라이트 단조_STD-FAX,STD-FAX 기종에 조립되어 있을 것
3029C004AA,11,10,V243,카바 라이트 단조_STD-FAX,STD-FAX 기종에 조립되어 있을 것
3029C004AA,13,12,C160,원고 적재 제한 라벨,ADF 기종 부착되어 있을 것
3029C005AA,1,0,C550,토너 지역 라벨 （일본／아시아）,기종별  정규 부품 부착되어 있을 것
3029C005AA,2,1,B793,좌전카바 각인,기종별  각인 상태 확인 할 것
3029C005AA,3,2,6416,제품 명칭 라벨 2206N,기종별  정규 부품 부착되어 있을 것
3029C005AA,3,2,6323,우전카바 인쇄,기종별  인쇄 상태확인 할 것
3029C005AA,4,3,3102,현상 가압 조작 라벨,전기종 부착되어 있을 것
3029C005AA,4,3,3699,현상 가압 레버 피스,전기종 조립되어 있을 것
3029C005AA,5,4,1525,용지 적재 제한 라벨,전기종 부착되어 있을 것
3029C005AA,6,5,2917,위치 결정 코마,전기종 조립되어 있을 것
3029C005AA,7,6,1525,용지 적재 제한 라벨,전기종 부착되어 있을 것
3029C005AA,8,7,0000,모듈러 카바,전기종 조립되어 있을 것
3029C005AA,9,8,3780,전원 스위치,OFF 상태로 되어 있을 것
3029C005AA,10,9,V242,카바 라이트 단조_STD,STD 기종에 조립되어 있을 것
3029C005AA,11,10,V242,카바 라이트 단조_STD,STD 기종에 조립되어 있을 것
3029C006AA,1,0,C550,토너 지역 라벨 （일본／아시아）,기종별  정규 부품 부착되어 있을 것
3029C006AA,2,1,B793,좌전카바 각인,기종별  각인 상태 확인 할 것
3029C006AA,3,2,6416,제품 명칭 라벨 2206N,기종별  정규 부품 부착되어 있을 것
3029C006AA,3,2,6323,우전카바 인쇄,기종별  인쇄 상태확인 할 것
3029C006AA,4,3,3102,현상 가압 조작 라벨,전기종 부착되어 있을 것
3029C006AA,4,3,3699,현상 가압 레버 피스,전기종 조립되어 있을 것
3029C006AA,5,4,1525,용지 적재 제한 라벨,전기종 부착되어 있을 것
3029C006AA,6,5,2917,위치 결정 코마,전기종 조립되어 있을 것
3029C006AA,7,6,1525,용지 적재 제한 라벨,전기종 부착되어 있을 것
3029C006AA,8,7,0000,모듈러 카바,전기종 조립되어 있을 것
3029C006AA,9,8,3780,전원 스위치,OFF 상태로 되어 있을 것
3029C006AA,10,9,V242,카바 라이트 단조_STD,STD 기종에 조립되어 있을 것
3029C006AA,11,10,V242,카바 라이트 단조_STD,STD 기종에 조립되어 있을 것
3029C009AA,1,0,C550,토너 지역 라벨 （일본／아시아）,기종별  정규 부품 부착되어 있을 것
3029C009AA,2,1,B793,좌전카바 각인,기종별  각인 상태 확인 할 것
3029C009AA,3,2,6416,제품 명칭 라벨 2206N,기종별  정규 부품 부착되어 있을 것
3029C009AA,3,2,6323,우전카바 인쇄,기종별  인쇄 상태확인 할 것
3029C009AA,4,3,3102,현상 가압 조작 라벨,전기종 부착되어 있을 것
3029C009AA,4,3,3699,현상 가압 레버 피스,전기종 조립되어 있을 것
3029C009AA,5,4,1525,용지 적재 제한 라벨,전기종 부착되어 있을 것
3029C009AA,6,5,2917,위치 결정 코마,전기종 조립되어 있을 것
3029C009AA,7,6,1525,용지 적재 제한 라벨,전기종 부착되어 있을 것
3029C009AA,8,7,0000,모듈러 카바,전기종 조립되어 있을 것
3029C009AA,9,8,3780,전원 스위치,OFF 상태로 되어 있을 것
3029C009AA,10,9,V242,카바 라이트 단조_STD,STD 기종에 조립되어 있을 것
3029C009AA,11,10,V242,카바 라이트 단조_STD,STD 기종에 조립되어 있을 것
3029C009AA,12,11,3779,압판 스토퍼,압판 기종에 조립되어 있을 것
3029C009AA,14,13,3779,압판 스토퍼,압판 기종에 조립되어 있을 것
3029C010AA,1,0,C550,토너 지역 라벨 （일본／아시아）,기종별  정규 부품 부착되어 있을 것
3029C010AA,2,1,B793,좌전카바 각인,기종별  각인 상태 확인 할 것
3029C010AA,3,2,6423,제품 명칭 라벨 2206i,기종별  정규 부품 부착되어 있을 것
3029C010AA,3,2,6323,우전카바 인쇄,기종별  인쇄 상태확인 할 것
3029C010AA,4,3,3102,현상 가압 조작 라벨,전기종 부착되어 있을 것
3029C010AA,4,3,3699,현상 가압 레버 피스,전기종 조립되어 있을 것
3029C010AA,5,4,1525,용지 적재 제한 라벨,전기종 부착되어 있을 것
3029C010AA,6,5,2917,위치 결정 코마,전기종 조립되어 있을 것
3029C010AA,7,6,1525,용지 적재 제한 라벨,전기종 부착되어 있을 것
3029C010AA,8,7,8588,사이드 규제 잠금 라벨,대오더 정보 3029C010AA에 부착되어 있을 것
3029C010AA,9,8,2899,적재 한도 라벨,대오더 정보 3029C010AA에 부착되어 있을 것
3029C010AA,9,8,4357,위치 결정 블록,대오더 정보 3029C010AA에 조립되어 있을 것
3029C010AA,10,9,0000,모듈러 카바,전기종 조립되어 있을 것
3029C010AA,11,10,3780,전원 스위치,OFF 상태로 되어 있을 것
3029C010AA,12,11,V242,카바 라이트 단조_STD,STD 기종에 조립되어 있을 것
3029C010AA,13,12,V242,카바 라이트 단조_STD,STD 기종에 조립되어 있을 것
3029C010AA,15,14,C160,원고 적재 제한 라벨,ADF 기종 부착되어 있을 것
3030C001AA,1,0,C551,토너 지역 라벨 （유럽）,기종별  정규 부품 부착되어 있을 것
3030C001AA,2,1,B793,좌전카바 각인,기종별  각인 상태 확인 할 것
3030C001AA,3,2,6420,제품 명칭 라벨 2206,기종별  정규 부품 부착되어 있을 것
3030C001AA,3,2,6323,우전카바 인쇄,기종별  인쇄 상태확인 할 것
3030C001AA,4,3,3102,현상 가압 조작 라벨,전기종 부착되어 있을 것
3030C001AA,4,3,3699,현상 가압 레버 피스,전기종 조립되어 있을 것
3030C001AA,5,4,1525,용지 적재 제한 라벨,전기종 부착되어 있을 것
3030C001AA,6,5,2917,위치 결정 코마,전기종 조립되어 있을 것
3030C001AA,7,6,1525,용지 적재 제한 라벨,전기종 부착되어 있을 것
3030C001AA,8,7,0000,모듈러 카바,전기종 조립되어 있을 것
3030C001AA,9,8,3780,전원 스위치,OFF 상태로 되어 있을 것
3030C001AA,10,9,B792,카바 라이트 단조_ENT,ENT 기종에 조립되어 있을 것
3030C001AA,11,10,B792,카바 라이트 단조_ENT,ENT 기종에 조립되어 있을 것
3030C001AA,12,11,3779,압판 스토퍼,압판 기종에 조립되어 있을 것
3030C001AA,14,13,3779,압판 스토퍼,압판 기종에 조립되어 있을 것
3030C002AA,1,0,C550,토너 지역 라벨 （일본／아시아）,기종별  정규 부품 부착되어 있을 것
3030C002AA,2,1,B793,좌전카바 각인,기종별  각인 상태 확인 할 것
3030C002AA,3,2,6420,제품 명칭 라벨 2206,기종별  정규 부품 부착되어 있을 것
3030C002AA,3,2,6323,우전카바 인쇄,기종별  인쇄 상태확인 할 것
3030C002AA,4,3,3102,현상 가압 조작 라벨,전기종 부착되어 있을 것
3030C002AA,4,3,3699,현상 가압 레버 피스,전기종 조립되어 있을 것
3030C002AA,5,4,1525,용지 적재 제한 라벨,전기종 부착되어 있을 것
3030C002AA,6,5,2917,위치 결정 코마,전기종 조립되어 있을 것
3030C002AA,7,6,1525,용지 적재 제한 라벨,전기종 부착되어 있을 것
3030C002AA,8,7,0000,모듈러 카바,전기종 조립되어 있을 것
3030C002AA,9,8,3780,전원 스위치,OFF 상태로 되어 있을 것
3030C002AA,10,9,B792,카바 라이트 단조_ENT,ENT 기종에 조립되어 있을 것
3030C002AA,11,10,B792,카바 라이트 단조_ENT,ENT 기종에 조립되어 있을 것
3030C002AA,12,11,3779,압판 스토퍼,압판 기종에 조립되어 있을 것
3030C002AA,14,13,3779,압판 스토퍼,압판 기종에 조립되어 있을 것
3030C003AA,1,0,C550,토너 지역 라벨 （일본／아시아）,기종별  정규 부품 부착되어 있을 것
3030C003AA,2,1,B793,좌전카바 각인,기종별  각인 상태 확인 할 것
3030C003AA,3,2,6420,제품 명칭 라벨 2206,기종별  정규 부품 부착되어 있을 것
3030C003AA,3,2,6323,우전카바 인쇄,기종별  인쇄 상태확인 할 것
3030C003AA,4,3,3102,현상 가압 조작 라벨,전기종 부착되어 있을 것
3030C003AA,4,3,3699,현상 가압 레버 피스,전기종 조립되어 있을 것
3030C003AA,5,4,1525,용지 적재 제한 라벨,전기종 부착되어 있을 것
3030C003AA,6,5,2917,위치 결정 코마,전기종 조립되어 있을 것
3030C003AA,7,6,1525,용지 적재 제한 라벨,전기종 부착되어 있을 것
3030C003AA,8,7,0000,모듈러 카바,전기종 조립되어 있을 것
3030C003AA,9,8,3780,전원 스위치,OFF 상태로 되어 있을 것
3030C003AA,10,9,B792,카바 라이트 단조_ENT,ENT 기종에 조립되어 있을 것
3030C003AA,11,10,B792,카바 라이트 단조_ENT,ENT 기종에 조립되어 있을 것
3030C003AA,12,11,3779,압판 스토퍼,압판 기종에 조립되어 있을 것
3030C003AA,14,13,3779,압판 스토퍼,압판 기종에 조립되어 있을 것
3030C004AA,1,0,C550,토너 지역 라벨 （일본／아시아）,기종별  정규 부품 부착되어 있을 것
3030C004AA,2,1,B793,좌전카바 각인,기종별  각인 상태 확인 할 것
3030C004AA,3,2,6421,제품 명칭 라벨 2206L,기종별  정규 부품 부착되어 있을 것
3030C004AA,3,2,6323,우전카바 인쇄,기종별  인쇄 상태확인 할 것
3030C004AA,4,3,3102,현상 가압 조작 라벨,전기종 부착되어 있을 것
3030C004AA,4,3,3699,현상 가압 레버 피스,전기종 조립되어 있을 것
3030C004AA,5,4,1525,용지 적재 제한 라벨,전기종 부착되어 있을 것
3030C004AA,6,5,2917,위치 결정 코마,전기종 조립되어 있을 것
3030C004AA,7,6,1525,용지 적재 제한 라벨,전기종 부착되어 있을 것
3030C004AA,8,7,0000,모듈러 카바,전기종 조립되어 있을 것
3030C004AA,9,8,3780,전원 스위치,OFF 상태로 되어 있을 것
3030C004AA,10,9,B792,카바 라이트 단조_ENT,ENT 기종에 조립되어 있을 것
3030C004AA,11,10,B792,카바 라이트 단조_ENT,ENT 기종에 조립되어 있을 것
3030C004AA,12,11,3779,압판 스토퍼,압판 기종에 조립되어 있을 것
3030C004AA,14,13,3779,압판 스토퍼,압판 기종에 조립되어 있을 것
3031C001AA,1,0,C550,토너 지역 라벨 （일본／아시아）,기종별  정규 부품 부착되어 있을 것
3031C001AA,2,1,B793,좌전카바 각인,기종별  각인 상태 확인 할 것
3031C001AA,3,2,6415,제품 명칭 라벨 2006N,기종별  정규 부품 부착되어 있을 것
3031C001AA,3,2,6323,우전카바 인쇄,기종별  인쇄 상태확인 할 것
3031C001AA,4,3,3102,현상 가압 조작 라벨,전기종 부착되어 있을 것
3031C001AA,4,3,3699,현상 가압 레버 피스,전기종 조립되어 있을 것
3031C001AA,5,4,1525,용지 적재 제한 라벨,전기종 부착되어 있을 것
3031C001AA,6,5,2917,위치 결정 코마,전기종 조립되어 있을 것
3031C001AA,7,6,1525,용지 적재 제한 라벨,전기종 부착되어 있을 것
3031C001AA,8,7,0000,모듈러 카바,전기종 조립되어 있을 것
3031C001AA,9,8,3780,전원 스위치,OFF 상태로 되어 있을 것
3031C001AA,10,9,V242,카바 라이트 단조_STD,STD 기종에 조립되어 있을 것
3031C001AA,11,10,V242,카바 라이트 단조_STD,STD 기종에 조립되어 있을 것
3031C001AA,12,11,3779,압판 스토퍼,압판 기종에 조립되어 있을 것
3031C001AA,14,13,3779,압판 스토퍼,압판 기종에 조립되어 있을 것
3031C002AA,1,0,C550,토너 지역 라벨 （일본／아시아）,기종별  정규 부품 부착되어 있을 것
3031C002AA,2,1,B793,좌전카바 각인,기종별  각인 상태 확인 할 것
3031C002AA,3,2,6415,제품 명칭 라벨 2006N,기종별  정규 부품 부착되어 있을 것
3031C002AA,3,2,6323,우전카바 인쇄,기종별  인쇄 상태확인 할 것
3031C002AA,4,3,3102,현상 가압 조작 라벨,전기종 부착되어 있을 것
3031C002AA,4,3,3699,현상 가압 레버 피스,전기종 조립되어 있을 것
3031C002AA,5,4,1525,용지 적재 제한 라벨,전기종 부착되어 있을 것
3031C002AA,6,5,2917,위치 결정 코마,전기종 조립되어 있을 것
3031C002AA,7,6,1525,용지 적재 제한 라벨,전기종 부착되어 있을 것
3031C002AA,8,7,0000,모듈러 카바,전기종 조립되어 있을 것
3031C002AA,9,8,3780,전원 스위치,OFF 상태로 되어 있을 것
3031C002AA,10,9,V242,카바 라이트 단조_STD,STD 기종에 조립되어 있을 것
3031C002AA,11,10,V242,카바 라이트 단조_STD,STD 기종에 조립되어 있을 것
3031C003AA,1,0,C550,토너 지역 라벨 （일본／아시아）,기종별  정규 부품 부착되어 있을 것
3031C003AA,2,1,B793,좌전카바 각인,기종별  각인 상태 확인 할 것
3031C003AA,3,2,6415,제품 명칭 라벨 2006N,기종별  정규 부품 부착되어 있을 것
3031C003AA,3,2,6323,우전카바 인쇄,기종별  인쇄 상태확인 할 것
3031C003AA,4,3,3102,현상 가압 조작 라벨,전기종 부착되어 있을 것
3031C003AA,4,3,3699,현상 가압 레버 피스,전기종 조립되어 있을 것
3031C003AA,5,4,1525,용지 적재 제한 라벨,전기종 부착되어 있을 것
3031C003AA,6,5,2917,위치 결정 코마,전기종 조립되어 있을 것
3031C003AA,7,6,1525,용지 적재 제한 라벨,전기종 부착되어 있을 것
3031C003AA,8,7,0000,모듈러 카바,전기종 조립되어 있을 것
3031C003AA,9,8,3780,전원 스위치,OFF 상태로 되어 있을 것
3031C003AA,10,9,V242,카바 라이트 단조_STD,STD 기종에 조립되어 있을 것
3031C003AA,11,10,V242,카바 라이트 단조_STD,STD 기종에 조립되어 있을 것
